,동,단독가구,인구,택배함수,택배착지량점수,범죄발생,여성인구
0,사직동,1487,9636,0.0,1.1176470588235294,226.23529411764707,5256
1,삼청동,380,2780,0.0,1.1176470588235294,226.23529411764707,1452
2,부암동,1129,9951,0.0,1.1176470588235294,226.23529411764707,5176
3,평창동,1302,18377,0.0,1.1176470588235294,226.23529411764707,9819
4,무악동,494,8365,0.0,1.1176470588235294,226.23529411764707,4468
5,교남동,1219,10321,0.0,1.1176470588235294,226.23529411764707,5547
6,가회동,631,4305,0.0,1.1176470588235294,226.23529411764707,2311
7,종로1.2.3.4가동,2371,8372,0.0,1.1176470588235294,226.23529411764707,3482
8,종로5·6가동,1608,5554,0.0,1.1176470588235294,226.23529411764707,2582
9,이화동,2094,7832,0.0,1.1176470588235294,226.23529411764707,4179
10,창신1동,1069,5761,1.0,1.1176470588235294,226.23529411764707,2694
11,창신2동,1288,9231,0.0,1.1176470588235294,226.23529411764707,4537
12,창신3동,613,6875,0.0,1.1176470588235294,226.23529411764707,3475
13,숭인1동,1007,6225,1.0,1.1176470588235294,226.23529411764707,3249
14,숭인2동,2988,10165,0.0,1.1176470588235294,226.23529411764707,5079
15,청운효자동,1378,12231,1.0,1.1176470588235294,226.23529411764707,6540
16,혜화동,4925,19125,1.0,1.1176470588235294,226.23529411764707,10251
17,소공동,435,3225,0.0,2.2666666666666666,288.46666666666664,1574
18,회현동,867,5466,0.0,2.2666666666666666,288.46666666666664,2589
19,명동,581,3666,1.0,2.2666666666666666,288.46666666666664,2006
20,필동,1020,4729,0.0,2.2666666666666666,288.46666666666664,2324
21,장충동,1509,5310,2.0,2.2666666666666666,288.46666666666664,2643
22,광희동,1391,6349,0.0,2.2666666666666666,288.46666666666664,3107
23,을지로동,781,1869,0.0,2.2666666666666666,288.46666666666664,747
24,신당5동,2182,10714,0.0,2.2666666666666666,288.46666666666664,5510
25,황학동,2963,13428,0.0,2.2666666666666666,288.46666666666664,7048
26,중림동,1627,12416,0.0,2.2666666666666666,288.46666666666664,6233
27,신당동,2223,9066,1.0,2.2666666666666666,288.46666666666664,4642
28,다산동,2466,14425,2.0,2.2666666666666666,288.46666666666664,7449
29,약수동,2054,17052,2.0,2.2666666666666666,288.46666666666664,9054
30,청구동,1924,13958,0.0,2.2666666666666666,288.46666666666664,7346
31,동화동,795,10586,0.0,2.2666666666666666,288.46666666666664,5461
32,후암동,2800,17618,0.0,2.875,207.0625,9043
33,용산2가동,1911,10866,1.0,2.875,207.0625,5525
34,남영동,2382,7886,0.0,2.875,207.0625,3143
35,원효로2동,1601,13998,0.0,2.875,207.0625,7416
36,효창동,1082,10265,2.0,2.875,207.0625,5411
37,용문동,1576,12123,0.0,2.875,207.0625,6331
38,이촌1동,1212,28383,0.0,2.875,207.0625,15012
39,이촌2동,803,8528,0.0,2.875,207.0625,4524
40,이태원1동,1479,8303,1.0,2.875,207.0625,3952
41,이태원2동,1874,10605,0.0,2.875,207.0625,5611
42,서빙고동,1178,13914,0.0,2.875,207.0625,7217
43,보광동,3121,14974,1.0,2.875,207.0625,7330
44,청파동,5218,20160,1.0,2.875,207.0625,10784
45,원효로1동,2735,16591,1.0,2.875,207.0625,8614
46,한강로동,3755,23294,0.0,2.875,207.0625,12138
47,한남동,4154,23157,1.0,2.875,207.0625,11756
48,왕십리2동,2275,16956,0.0,3.0588235294117645,147.76470588235293,8769
49,마장동,3674,23132,0.0,3.0588235294117645,147.76470588235293,11787
50,사근동,4754,13512,1.0,3.0588235294117645,147.76470588235293,6790
51,행당1동,1930,14198,0.0,3.0588235294117645,147.76470588235293,7378
52,행당2동,1764,23716,2.0,3.0588235294117645,147.76470588235293,12624
53,응봉동,1053,15640,0.0,3.0588235294117645,147.76470588235293,8208
54,금호1가동,1538,15600,0.0,3.0588235294117645,147.76470588235293,8175
55,금호4가동,1624,14572,0.0,3.0588235294117645,147.76470588235293,7613
56,성수1가1동,2435,17053,0.0,3.0588235294117645,147.76470588235293,8503
57,성수1가2동,2499,13151,0.0,3.0588235294117645,147.76470588235293,6670
58,성수2가1동,2990,16628,1.0,3.0588235294117645,147.76470588235293,7974
59,성수2가3동,2091,11304,1.0,3.0588235294117645,147.76470588235293,5567
60,송정동,2305,11001,0.0,3.0588235294117645,147.76470588235293,5194
61,용답동,3111,12677,1.0,3.0588235294117645,147.76470588235293,6157
62,왕십리도선동,3632,27087,0.0,3.0588235294117645,147.76470588235293,14214
63,금호2.3가동,2519,23047,1.0,3.0588235294117645,147.76470588235293,12073
64,옥수동,2391,26493,0.0,3.0588235294117645,147.76470588235293,14144
65,화양동,12704,25680,2.0,3.733333333333333,267.4,13822
66,군자동,5546,21775,0.0,3.733333333333333,267.4,11087
67,중곡1동,3282,15940,3.0,3.733333333333333,267.4,8223
68,중곡2동,3780,21966,0.0,3.733333333333333,267.4,11632
69,중곡3동,3144,16545,0.0,3.733333333333333,267.4,8391
70,중곡4동,3747,29330,0.0,3.733333333333333,267.4,14999
71,능동,3251,11725,0.0,3.733333333333333,267.4,6361
72,구의1동,5591,22430,1.0,3.733333333333333,267.4,11737
73,구의2동,3049,27091,2.0,3.733333333333333,267.4,14040
74,구의3동,3110,29145,0.0,3.733333333333333,267.4,15309
75,광장동,1501,35193,0.0,3.733333333333333,267.4,18188
76,자양1동,4616,23385,0.0,3.733333333333333,267.4,12128
77,자양2동,3098,25463,2.0,3.733333333333333,267.4,13135
78,자양3동,2131,28658,0.0,3.733333333333333,267.4,14930
79,자양4동,3751,20980,3.0,3.733333333333333,267.4,10700
80,회기동,4044,12566,2.0,3.7142857142857135,150.71428571428572,6802
81,휘경1동,3336,15590,1.0,3.7142857142857135,150.71428571428572,8386
82,휘경2동,4785,24828,0.0,3.7142857142857135,150.71428571428572,12535
83,청량리동,3236,19566,0.0,3.7142857142857135,150.71428571428572,9822
84,용신동,8464,32416,0.0,3.7142857142857135,150.71428571428572,16106
85,제기동,5399,26621,2.0,3.7142857142857135,150.71428571428572,13270
86,전농1동,5814,29949,1.0,3.7142857142857135,150.71428571428572,14960
87,전농2동,1691,19192,0.0,3.7142857142857135,150.71428571428572,9986
88,답십리2동,3448,29000,1.0,3.7142857142857135,150.71428571428572,14896
89,장안1동,5502,38890,1.0,3.7142857142857135,150.71428571428572,19600
90,장안2동,3212,32870,1.0,3.7142857142857135,150.71428571428572,16481
91,이문1동,5774,20686,1.0,3.7142857142857135,150.71428571428572,10678
92,이문2동,2503,20574,0.0,3.7142857142857135,150.71428571428572,10616
93,답십리1동,3717,29511,1.0,3.7142857142857135,150.71428571428572,15256
94,면목2동,3974,24695,0.0,3.125,266.75,12412
95,면목4동,2678,19465,1.0,3.125,266.75,9786
96,면목5동,1540,14811,1.0,3.125,266.75,7371
97,면목7동,3294,22368,0.0,3.125,266.75,11166
98,상봉1동,2377,24681,1.0,3.125,266.75,12649
99,상봉2동,5309,20548,1.0,3.125,266.75,10661
100,중화1동,2353,20171,0.0,3.125,266.75,10315
101,중화2동,5455,25541,0.0,3.125,266.75,12446
102,묵1동,3741,35094,0.0,3.125,266.75,18128
103,묵2동,3049,19320,0.0,3.125,266.75,9829
104,망우3동,2695,17033,1.0,3.125,266.75,8512
105,신내1동,2426,39130,0.0,3.125,266.75,20086
106,신내2동,2273,20927,0.0,3.125,266.75,10980
107,면목본동,6360,34817,1.0,3.125,266.75,17627
108,면목3.8동,4347,25606,0.0,3.125,266.75,12915
109,망우본동,4734,30472,0.0,3.125,266.75,15240
110,돈암1동,1385,14944,0.0,3.5454545454545454,130.77272727272728,7961
111,돈암2동,1188,24307,0.0,3.5454545454545454,130.77272727272728,12798
112,안암동,5964,16451,2.0,3.5454545454545454,130.77272727272728,8445
113,보문동,3011,15810,1.0,3.5454545454545454,130.77272727272728,8220
114,정릉1동,1819,18614,0.0,3.5454545454545454,130.77272727272728,9690
115,정릉2동,2284,23457,0.0,3.5454545454545454,130.77272727272728,12105
116,정릉3동,3255,16265,0.0,3.5454545454545454,130.77272727272728,8308
117,정릉4동,2659,25483,0.0,3.5454545454545454,130.77272727272728,13247
118,길음1동,1721,35827,0.0,3.5454545454545454,130.77272727272728,18769
119,길음2동,1666,16747,0.0,3.5454545454545454,130.77272727272728,8680
120,월곡1동,2454,26839,0.0,3.5454545454545454,130.77272727272728,13905
121,월곡2동,3767,20040,0.0,3.5454545454545454,130.77272727272728,10387
122,장위1동,2487,24573,1.0,3.5454545454545454,130.77272727272728,12558
123,장위2동,2030,13990,0.0,3.5454545454545454,130.77272727272728,7086
124,장위3동,1839,16312,0.0,3.5454545454545454,130.77272727272728,8279
125,성북동,2945,17198,0.0,3.5454545454545454,130.77272727272728,9202
126,삼선동,4790,23552,0.0,3.5454545454545454,130.77272727272728,12385
127,동선동,5186,16146,0.0,3.5454545454545454,130.77272727272728,9430
128,종암동,5568,40539,0.0,3.5454545454545454,130.77272727272728,20661
129,석관동,5492,36112,1.0,3.5454545454545454,130.77272727272728,18241
130,번1동,4380,18969,1.0,2.4615384615384617,295.2307692307692,9441
131,번2동,2250,16194,0.0,2.4615384615384617,295.2307692307692,8355
132,번3동,2002,17226,0.0,2.4615384615384617,295.2307692307692,9173
133,수유1동,3467,21016,4.0,2.4615384615384617,295.2307692307692,10621
134,수유2동,2674,21519,2.0,2.4615384615384617,295.2307692307692,11256
135,수유3동,5632,23483,0.0,2.4615384615384617,295.2307692307692,11844
136,삼양동,3023,24238,0.0,2.4615384615384617,295.2307692307692,12182
137,미아동,4807,22361,1.0,2.4615384615384617,295.2307692307692,11590
138,송중동,4548,30410,0.0,2.4615384615384617,295.2307692307692,15859
139,송천동,4508,27290,0.0,2.4615384615384617,295.2307692307692,13771
140,삼각산동,2021,31510,0.0,2.4615384615384617,295.2307692307692,16398
141,우이동,2436,20828,0.0,2.4615384615384617,295.2307692307692,10717
142,인수동,3937,31049,0.0,2.4615384615384617,295.2307692307692,16062
143,쌍문1동,2489,21871,0.0,2.5,150.71428571428572,11386
144,쌍문2동,2457,18992,0.0,2.5,150.71428571428572,9866
145,쌍문3동,2761,16684,0.0,2.5,150.71428571428572,8618
146,쌍문4동,1238,18915,0.0,2.5,150.71428571428572,9989
147,방학1동,3502,28967,1.0,2.5,150.71428571428572,14593
148,방학2동,2768,20038,0.0,2.5,150.71428571428572,9940
149,방학3동,1399,27544,0.0,2.5,150.71428571428572,14159
150,창1동,2919,25113,2.0,2.5,150.71428571428572,13199
151,창2동,2889,29535,0.0,2.5,150.71428571428572,15168
152,창3동,1901,14163,2.0,2.5,150.71428571428572,7071
153,창4동,2256,26938,0.0,2.5,150.71428571428572,14004
154,창5동,2347,24948,0.0,2.5,150.71428571428572,13010
155,도봉1동,3023,21409,3.0,2.5,150.71428571428572,10591
156,도봉2동,2935,27302,2.0,2.5,150.71428571428572,13982
157,월계1동,3440,22460,1.0,4.2105263157894735,197.52631578947367,10859
158,월계2동,3531,27221,1.0,4.2105263157894735,197.52631578947367,14115
159,월계3동,3359,30447,0.0,4.2105263157894735,197.52631578947367,15916
160,공릉2동,4783,39825,0.0,4.2105263157894735,197.52631578947367,20453
161,하계1동,3265,27501,0.0,4.2105263157894735,197.52631578947367,14308
162,하계2동,1481,22369,0.0,4.2105263157894735,197.52631578947367,11727
163,중계본동,1105,24421,0.0,4.2105263157894735,197.52631578947367,12508
164,중계1동,1070,27140,0.0,4.2105263157894735,197.52631578947367,13925
165,중계4동,2081,20317,0.0,4.2105263157894735,197.52631578947367,10510
166,상계1동,3454,38713,0.0,4.2105263157894735,197.52631578947367,20004
167,상계2동,2415,20351,3.0,4.2105263157894735,197.52631578947367,10290
168,상계5동,3030,24423,0.0,4.2105263157894735,197.52631578947367,12578
169,상계8동,1954,22814,0.0,4.2105263157894735,197.52631578947367,11848
170,상계9동,1765,20810,0.0,4.2105263157894735,197.52631578947367,10941
171,상계10동,1431,18738,0.0,4.2105263157894735,197.52631578947367,10063
172,상계3.4동,3275,26662,0.0,4.2105263157894735,197.52631578947367,13444
173,상계6.7동,3524,33152,0.0,4.2105263157894735,197.52631578947367,17798
174,중계2.3동,4119,34909,0.0,4.2105263157894735,197.52631578947367,18866
175,공릉1동,7356,37732,4.0,4.2105263157894735,197.52631578947367,19320
176,녹번동,5033,37249,1.0,4.25,242.5,19555
177,불광1동,4730,39200,1.0,4.25,242.5,20665
178,갈현1동,3373,22803,2.0,4.25,242.5,11700
179,갈현2동,3136,28868,0.0,4.25,242.5,15237
180,구산동,2785,32648,1.0,4.25,242.5,16589
181,대조동,5597,27428,0.0,4.25,242.5,14668
182,응암1동,3771,32861,0.0,4.25,242.5,17313
183,응암2동,2171,27614,0.0,4.25,242.5,14216
184,신사1동,3009,27447,0.0,4.25,242.5,14237
185,신사2동,2314,20658,0.0,4.25,242.5,10372
186,증산동,1736,15247,1.0,4.25,242.5,7832
187,수색동,963,11313,0.0,4.25,242.5,5755
188,진관동,4742,56324,0.0,4.25,242.5,29916
189,불광2동,4589,28267,0.0,4.25,242.5,14596
190,응암3동,4431,25202,0.0,4.25,242.5,12943
191,역촌동,5473,46280,1.0,4.25,242.5,24574
192,천연동,2388,17487,0.0,3.5,210.21428571428572,9185
193,홍제1동,2736,24153,0.0,3.5,210.21428571428572,12798
194,홍제3동,2027,15626,2.0,3.5,210.21428571428572,8087
195,홍제2동,1443,13984,0.0,3.5,210.21428571428572,7376
196,홍은1동,2538,23010,1.0,3.5,210.21428571428572,11925
197,홍은2동,3769,27360,2.0,3.5,210.21428571428572,14225
198,남가좌1동,942,15828,0.0,3.5,210.21428571428572,8215
199,남가좌2동,4237,30779,1.0,3.5,210.21428571428572,16041
200,북가좌1동,1172,18328,0.0,3.5,210.21428571428572,9483
201,북가좌2동,4463,32298,0.0,3.5,210.21428571428572,16604
202,충현동,3880,20999,1.0,3.5,210.21428571428572,10894
203,북아현동,2261,16505,1.0,3.5,210.21428571428572,8626
204,신촌동,9002,23288,0.0,3.5,210.21428571428572,13675
205,연희동,9005,38054,1.0,3.5,210.21428571428572,19957
206,용강동,2388,22095,0.0,5.1875,302.625,11663
207,대흥동,4027,15728,1.0,5.1875,302.625,8348
208,염리동,1775,16837,0.0,5.1875,302.625,8855
209,신수동,3184,23006,1.0,5.1875,302.625,11873
210,서교동,8192,26718,1.0,5.1875,302.625,14707
211,합정동,3699,17950,0.0,5.1875,302.625,9658
212,망원1동,3829,20773,0.0,5.1875,302.625,11027
213,망원2동,2398,18954,0.0,5.1875,302.625,10060
214,연남동,4142,16263,2.0,5.1875,302.625,8657
215,성산1동,3506,19342,1.0,5.1875,302.625,10265
216,성산2동,6694,40112,1.0,5.1875,302.625,21945
217,상암동,3741,31359,2.0,5.1875,302.625,16448
218,도화동,2610,21566,1.0,5.1875,302.625,11233
219,서강동,4380,25596,1.0,5.1875,302.625,13515
220,공덕동,6338,37951,0.0,5.1875,302.625,20073
221,아현동,2269,25734,0.0,5.1875,302.625,13659
222,목1동,1189,31143,0.0,3.7777777777777777,178.55555555555554,16178
223,목2동,3752,30315,0.0,3.7777777777777777,178.55555555555554,15580
224,목3동,2963,22256,4.0,3.7777777777777777,178.55555555555554,11655
225,목4동,2280,25788,0.0,3.7777777777777777,178.55555555555554,13213
226,신월1동,3273,20925,1.0,3.7777777777777777,178.55555555555554,10240
227,신월2동,1749,21074,0.0,3.7777777777777777,178.55555555555554,10755
228,신월3동,2877,15552,0.0,3.7777777777777777,178.55555555555554,7374
229,신월4동,1151,18235,1.0,3.7777777777777777,178.55555555555554,9335
230,신월5동,1567,14997,2.0,3.7777777777777777,178.55555555555554,7593
231,신월6동,874,13816,0.0,3.7777777777777777,178.55555555555554,7034
232,신월7동,2217,20285,0.0,3.7777777777777777,178.55555555555554,10385
233,신정1동,929,20631,0.0,3.7777777777777777,178.55555555555554,10569
234,신정2동,1148,19734,0.0,3.7777777777777777,178.55555555555554,10070
235,신정3동,3582,49927,0.0,3.7777777777777777,178.55555555555554,25612
236,신정6동,728,24851,0.0,3.7777777777777777,178.55555555555554,12757
237,신정7동,2450,29533,0.0,3.7777777777777777,178.55555555555554,15261
238,목5동,1185,41593,0.0,3.7777777777777777,178.55555555555554,20940
239,신정4동,5522,33633,2.0,3.7777777777777777,178.55555555555554,17199
240,염창동,2993,42129,0.0,5.75,246.2,21721
241,등촌1동,6021,24436,0.0,5.75,246.2,13047
242,등촌2동,2147,20652,0.0,5.75,246.2,10559
243,등촌3동,5335,31167,0.0,5.75,246.2,16396
244,화곡본동,5647,34876,0.0,5.75,246.2,17987
245,화곡2동,2322,18360,0.0,5.75,246.2,9438
246,화곡3동,2282,21587,1.0,5.75,246.2,11210
247,화곡4동,2969,21078,4.0,5.75,246.2,10779
248,화곡6동,4182,25112,0.0,5.75,246.2,12900
249,화곡8동,3346,25058,2.0,5.75,246.2,13026
250,가양1동,11023,34398,0.0,5.75,246.2,18562
251,가양2동,3623,14283,0.0,5.75,246.2,7582
252,가양3동,2925,15346,0.0,5.75,246.2,8207
253,발산1동,2152,36507,1.0,5.75,246.2,19208
254,공항동,4329,31363,1.0,5.75,246.2,15435
255,방화1동,3791,43532,1.0,5.75,246.2,22311
256,방화2동,4206,23518,0.0,5.75,246.2,11869
257,방화3동,3815,23197,0.0,5.75,246.2,11927
258,화곡1동,10238,52954,0.0,5.75,246.2,27323
259,우장산동,2826,43442,0.0,5.75,246.2,22686
260,신도림동,2324,36006,0.0,4.125,267.4,18414
261,구로1동,1822,21320,0.0,4.125,267.4,10876
262,구로3동,6197,25350,0.0,4.125,267.4,12349
263,구로4동,3764,24178,0.0,4.125,267.4,12144
264,구로5동,5350,32056,0.0,4.125,267.4,16343
265,고척1동,2216,23006,1.0,4.125,267.4,11551
266,고척2동,2916,27395,0.0,4.125,267.4,13865
267,개봉2동,2373,31585,0.0,4.125,267.4,16175
268,개봉3동,1860,20729,0.0,4.125,267.4,10622
269,오류1동,4624,23472,1.0,4.125,267.4,11982
270,수궁동,2086,24021,1.0,4.125,267.4,12178
271,가리봉동,2849,13363,2.0,4.125,267.4,5746
272,구로2동,4383,31675,3.0,4.125,267.4,15321
273,개봉1동,3591,34945,0.0,4.125,267.4,17492
274,오류2동,3258,39020,0.0,4.125,267.4,20209
275,항동,1358,16461,0.0,4.125,267.4,8379
276,가산동,9775,25937,1.0,3.8,310.5,11682
277,독산1동,8983,44929,1.0,3.8,310.5,21744
278,독산2동,3209,20363,1.0,3.8,310.5,9990
279,독산3동,4413,27877,0.0,3.8,310.5,13665
280,독산4동,2608,17056,0.0,3.8,310.5,8421
281,시흥1동,5285,34872,2.0,3.8,310.5,17438
282,시흥2동,1592,21534,0.0,3.8,310.5,11157
283,시흥3동,1142,11026,3.0,3.8,310.5,5540
284,시흥4동,2417,21144,2.0,3.8,310.5,10649
285,시흥5동,2910,19947,0.0,3.8,310.5,10005
286,여의동,2672,33723,0.0,4.4444444444444455,323.3333333333333,17814
287,당산1동,4125,20834,0.0,4.4444444444444455,323.3333333333333,10599
288,당산2동,7461,37639,0.0,4.4444444444444455,323.3333333333333,20037
289,양평1동,3721,18281,0.0,4.4444444444444455,323.3333333333333,9320
290,양평2동,3391,22485,0.0,4.4444444444444455,323.3333333333333,11374
291,신길1동,4995,18716,2.0,4.4444444444444455,323.3333333333333,9124
292,신길3동,2205,17758,0.0,4.4444444444444455,323.3333333333333,8957
293,신길4동,1475,13050,1.0,4.4444444444444455,323.3333333333333,6516
294,신길5동,1386,11954,0.0,4.4444444444444455,323.3333333333333,6077
295,신길6동,2980,19977,1.0,4.4444444444444455,323.3333333333333,10178
296,신길7동,1599,20158,1.0,4.4444444444444455,323.3333333333333,10089
297,대림1동,2269,17276,1.0,4.4444444444444455,323.3333333333333,8564
298,대림2동,2783,18694,0.0,4.4444444444444455,323.3333333333333,9060
299,대림3동,2970,26213,0.0,4.4444444444444455,323.3333333333333,12943
300,영등포본동,3226,23206,2.0,4.4444444444444455,323.3333333333333,11296
301,영등포동,10170,29289,0.0,4.4444444444444455,323.3333333333333,13755
302,도림동,3625,20062,1.0,4.4444444444444455,323.3333333333333,9919
303,문래동,2947,33060,0.0,4.4444444444444455,323.3333333333333,16872
304,노량진2동,3064,13381,1.0,4.333333333333333,226.66666666666666,6500
305,상도1동,8604,45967,2.0,4.333333333333333,226.66666666666666,23926
306,상도2동,4013,29367,1.0,4.333333333333333,226.66666666666666,15265
307,상도3동,4214,25000,2.0,4.333333333333333,226.66666666666666,13050
308,상도4동,4618,29084,0.0,4.333333333333333,226.66666666666666,14951
309,사당1동,6345,23402,1.0,4.333333333333333,226.66666666666666,12279
310,사당3동,2583,24930,1.0,4.333333333333333,226.66666666666666,12854
311,사당4동,2651,14442,0.0,4.333333333333333,226.66666666666666,7533
312,사당5동,2007,14677,0.0,4.333333333333333,226.66666666666666,7575
313,대방동,6011,38667,3.0,4.333333333333333,226.66666666666666,20276
314,신대방1동,3128,25332,0.0,4.333333333333333,226.66666666666666,13088
315,신대방2동,3672,20140,0.0,4.333333333333333,226.66666666666666,10555
316,흑석동,4562,33642,0.0,4.333333333333333,226.66666666666666,17527
317,노량진1동,5604,32158,1.0,4.333333333333333,226.66666666666666,16124
318,사당2동,3025,27042,1.0,4.333333333333333,226.66666666666666,14071
319,보라매동,5182,24951,0.0,4.095238095238095,253.71428571428572,12709
320,청림동,1403,15358,0.0,4.095238095238095,253.71428571428572,7867
321,행운동,9674,29518,1.0,4.095238095238095,253.71428571428572,15282
322,낙성대동,6341,17477,0.0,4.095238095238095,253.71428571428572,8684
323,중앙동,5565,15576,0.0,4.095238095238095,253.71428571428572,8146
324,인헌동,6776,26227,1.0,4.095238095238095,253.71428571428572,13472
325,남현동,3855,18360,1.0,4.095238095238095,253.71428571428572,9504
326,서원동,7607,23200,1.0,4.095238095238095,253.71428571428572,11271
327,신원동,5505,18955,0.0,4.095238095238095,253.71428571428572,9469
328,서림동,7735,23922,0.0,4.095238095238095,253.71428571428572,10825
329,신사동,7282,25035,3.0,7.272727272727272,332.0,12454
330,신사동,7282,25035,3.0,7.272727272727272,332.0,8763
331,신사동,7282,16406,3.0,7.272727272727272,332.0,12454
332,신사동,7282,16406,3.0,7.272727272727272,332.0,8763
333,신사동,2047,25035,3.0,7.272727272727272,332.0,12454
334,신사동,2047,25035,3.0,7.272727272727272,332.0,8763
335,신사동,2047,16406,3.0,7.272727272727272,332.0,12454
336,신사동,2047,16406,3.0,7.272727272727272,332.0,8763
337,신림동,11942,22619,8.0,4.095238095238095,253.71428571428572,10723
338,난향동,1354,15579,0.0,4.095238095238095,253.71428571428572,7944
339,조원동,5581,18737,1.0,4.095238095238095,253.71428571428572,9246
340,대학동,9718,24983,1.0,4.095238095238095,253.71428571428572,10172
341,은천동,5723,33974,0.0,4.095238095238095,253.71428571428572,17418
342,성현동,3082,29809,0.0,4.095238095238095,253.71428571428572,15425
343,청룡동,13435,36437,1.0,4.095238095238095,253.71428571428572,19066
344,난곡동,4155,27577,0.0,4.095238095238095,253.71428571428572,13777
345,삼성동,3132,22996,0.0,4.095238095238095,253.71428571428572,11493
346,미성동,4186,31408,0.0,4.095238095238095,253.71428571428572,16038
347,서초1동,3203,20951,0.0,5.5,307.8888888888889,10853
348,서초2동,3238,22463,0.0,5.5,307.8888888888889,11759
349,서초3동,4851,32702,0.0,5.5,307.8888888888889,16880
350,서초4동,1529,31361,0.0,5.5,307.8888888888889,16075
351,잠원동,2809,27397,0.0,5.5,307.8888888888889,14245
352,반포본동,354,10508,0.0,5.5,307.8888888888889,5518
353,반포1동,5087,33239,0.0,5.5,307.8888888888889,17106
354,반포2동,314,15916,0.0,5.5,307.8888888888889,8319
355,반포3동,910,22378,0.0,5.5,307.8888888888889,11742
356,반포4동,1110,19684,0.0,5.5,307.8888888888889,10360
357,방배본동,1683,21013,0.0,5.5,307.8888888888889,11289
358,방배1동,2318,17123,1.0,5.5,307.8888888888889,9089
359,방배2동,2182,19923,1.0,5.5,307.8888888888889,10568
360,방배3동,1472,19381,0.0,5.5,307.8888888888889,10006
361,방배4동,2585,23797,0.0,5.5,307.8888888888889,12916
362,양재1동,4776,44025,1.0,5.5,307.8888888888889,22983
363,양재2동,3938,22424,1.0,5.5,307.8888888888889,11236
364,내곡동,1583,17889,0.0,5.5,307.8888888888889,9203
365,논현1동,7121,23272,1.0,7.272727272727272,332.0,12276
366,논현2동,4618,21668,0.0,7.272727272727272,332.0,11565
367,삼성1동,1433,13327,0.0,7.272727272727272,332.0,6705
368,삼성2동,4236,29762,0.0,7.272727272727272,332.0,15528
369,대치1동,350,24478,0.0,7.272727272727272,332.0,12145
370,대치4동,4269,20261,2.0,7.272727272727272,332.0,10724
371,역삼1동,12735,36458,2.0,7.272727272727272,332.0,18865
372,역삼2동,4735,36529,0.0,7.272727272727272,332.0,19420
373,도곡1동,1872,21917,1.0,7.272727272727272,332.0,11539
374,도곡2동,1408,33607,1.0,7.272727272727272,332.0,17980
375,개포1동,550,6500,0.0,7.272727272727272,332.0,3330
376,개포4동,2280,23917,0.0,7.272727272727272,332.0,12327
377,일원본동,923,23595,0.0,7.272727272727272,332.0,11969
378,일원1동,2631,15512,1.0,7.272727272727272,332.0,7925
379,일원2동,1927,17931,0.0,7.272727272727272,332.0,9255
380,수서동,3083,15016,0.0,7.272727272727272,332.0,8213
381,세곡동,4891,43952,0.0,7.272727272727272,332.0,23126
382,압구정동,1822,26770,0.0,7.272727272727272,332.0,14375
383,청담동,3203,26613,0.0,7.272727272727272,332.0,14164
384,대치2동,1807,36677,1.0,7.272727272727272,332.0,18073
385,개포2동,1058,21939,0.0,7.272727272727272,332.0,11391
386,풍납1동,1869,13957,0.0,5.074074074074074,211.03703703703704,7129
387,풍납2동,2880,25336,0.0,5.074074074074074,211.03703703703704,13299
388,거여1동,1396,12769,1.0,5.074074074074074,211.03703703703704,6301
389,거여2동,1883,19091,1.0,5.074074074074074,211.03703703703704,9729
390,마천1동,2403,19360,0.0,5.074074074074074,211.03703703703704,9465
391,마천2동,2296,19284,2.0,5.074074074074074,211.03703703703704,9501
392,방이1동,1381,15926,0.0,5.074074074074074,211.03703703703704,8260
393,방이2동,6641,27007,0.0,5.074074074074074,211.03703703703704,14423
394,오륜동,361,18250,0.0,5.074074074074074,211.03703703703704,9307
395,오금동,3077,38980,0.0,5.074074074074074,211.03703703703704,20080
396,송파1동,4706,24611,0.0,5.074074074074074,211.03703703703704,13082
397,송파2동,1242,19606,0.0,5.074074074074074,211.03703703703704,10197
398,석촌동,6716,32562,4.0,5.074074074074074,211.03703703703704,17027
399,삼전동,6327,31270,1.0,5.074074074074074,211.03703703703704,16541
400,가락본동,3173,26887,0.0,5.074074074074074,211.03703703703704,13592
401,가락1동,1255,27484,0.0,5.074074074074074,211.03703703703704,14162
402,가락2동,2272,32808,1.0,5.074074074074074,211.03703703703704,16688
403,문정1동,2134,20473,1.0,5.074074074074074,211.03703703703704,10355
404,문정2동,7515,29334,0.0,5.074074074074074,211.03703703703704,15819
405,잠실본동,6559,28760,0.0,5.074074074074074,211.03703703703704,15200
406,잠실4동,669,21400,0.0,5.074074074074074,211.03703703703704,11119
407,잠실6동,577,16991,0.0,5.074074074074074,211.03703703703704,8944
408,잠실7동,302,9674,0.0,5.074074074074074,211.03703703703704,5157
409,잠실2동,1160,35581,0.0,5.074074074074074,211.03703703703704,18532
410,잠실3동,1116,34825,0.0,5.074074074074074,211.03703703703704,18260
411,장지동,2747,29734,1.0,5.074074074074074,211.03703703703704,15396
412,위례동,1037,32381,0.0,5.074074074074074,211.03703703703704,16663
413,강일동,2081,42105,0.0,3.8333333333333335,223.0,21928
414,상일동,1441,38784,0.0,3.8333333333333335,223.0,19656
415,명일1동,1698,26109,2.0,3.8333333333333335,223.0,13401
416,명일2동,763,17473,0.0,3.8333333333333335,223.0,8832
417,고덕1동,1143,25208,0.0,3.8333333333333335,223.0,12364
418,고덕2동,1730,22630,0.0,3.8333333333333335,223.0,11219
419,암사2동,1481,15397,2.0,3.8333333333333335,223.0,7955
420,암사3동,707,18058,0.0,3.8333333333333335,223.0,9198
421,천호1동,3749,27360,2.0,3.8333333333333335,223.0,13989
422,천호3동,5205,26784,0.0,3.8333333333333335,223.0,13650
423,성내1동,1808,20332,1.0,3.8333333333333335,223.0,10497
424,성내2동,5143,24578,0.0,3.8333333333333335,223.0,12482
425,성내3동,3134,23632,0.0,3.8333333333333335,223.0,12043
426,둔촌1동,6,145,0.0,3.8333333333333335,223.0,63
427,둔촌2동,2389,25103,0.0,3.8333333333333335,223.0,12744
428,암사1동,4551,35118,1.0,3.8333333333333335,223.0,17710
429,천호2동,6378,33940,0.0,3.8333333333333335,223.0,17223
430,길동,6909,46338,0.0,3.8333333333333335,223.0,23752
