,PC 1,PC 2,PC 3,PC 4,PC 5,PC 6,PC 7,PC 8,PC 9,PC 10,PC 11
0,-4.8601663967882835,-1.8231942667469223,2.5780634426083107,0.6869664911884034,0.9319141474038423,-0.7816646927645632,-0.7590631513071688,0.3547961530057897,-0.1831497785508979,-0.28617198194012466,-0.680523603702837
1,-6.387829302687643,-1.7136106738755892,2.0772100519656234,1.3264871474826412,0.4439350623463277,-0.45338718918013476,-0.6290935699931092,0.6437050226934381,-0.4461928032216238,-0.262683210743637,-0.548715325109719
2,-4.823902691969862,-2.5614261243277165,2.6493685122860193,1.089482177897321,0.5842938831145287,0.6481043506251896,-0.43037796462086464,-0.7029295088584501,0.20558267469414096,-0.04303821432749796,-0.9901734397806411
3,-2.5408355425798113,-3.2280780977621726,4.809835238698525,2.860255040841067,0.36655369533207,2.47833232713078,0.5470967227242075,-2.7853864464018785,0.10723325631190976,-0.029338916263708513,-0.6374877253412805
4,-5.593344508076805,-0.4100915310727388,0.47769277109061825,-1.0555116843965444,0.9006764190286911,-0.7329707818882697,-0.099810572734214,-1.3870983355033566,-0.7527853786072966,-0.5833571545103783,0.2510719211031877
5,-4.801291452539875,-0.9838462155735813,0.48533616763789267,-1.350551457667669,1.2021675761414325,-0.713896846246553,-0.20622214600926966,-1.4790506089750697,-0.5369010407232598,-0.6200148457578121,0.015556278780293312
6,-6.062233288372505,-2.029295470224564,1.1360920253352036,0.25283151197196047,0.44247714739251,0.6599208476092265,-0.06501965932361894,-1.1396713693546505,0.09277423642080608,-0.023498343296837296,-0.6575046801412584
7,-4.422713118677765,-2.2699449780157708,3.699396712217954,1.648751132377154,0.9205220696678496,-1.9687164088238434,-1.5454425334252118,2.2791801384890547,-0.36865706718480923,-1.0290731832105393,-0.3590277009475731
8,-5.505813926458415,-2.1073796249417516,1.7253194232993374,0.6513131068107084,0.7375906157729463,-0.9604866490574074,-0.9332202579539811,0.6518201386452123,-0.3038518682323693,-0.36180291277027443,-0.18074193661852062
9,-4.9249708306427165,-2.199991463336971,1.6348446486269752,0.6626658782840105,1.0220490157204274,-1.003370876732879,-1.0086906253946084,0.447485464970782,-0.7081952887276642,-0.5041652457718845,-0.24650660223135257
10,-5.556104681136182,-1.504211087653233,0.6180653352473259,-0.6990099551718767,0.6377008272160085,-0.38432061606997625,-0.01653909619389796,-1.116739357695095,-0.17592666302703852,-0.5517407468629876,0.1731209301020119
11,-4.670938666935657,-2.1749104780423725,0.19140191834740009,-1.4393284867770957,1.1418201748922108,-0.5228984388678363,-0.09138201201848473,-1.2520505967921463,0.10409454745562464,-0.4197480144348856,-0.06320822344676963
12,-5.633563426634302,-0.9551734764499263,0.1668622611078526,-1.2691564892024263,0.9430543515259806,-0.7058486341023058,-0.06968973146135282,-1.2370546201952684,-0.3925525951337271,-0.4535054773866844,0.19728270720468832
13,-5.498118736111812,-1.7699279686532814,0.8479573441810189,-0.7154464823760723,0.9528627976129956,-0.7836369542760955,-0.5372513545245724,-0.25210632433798225,0.03364192423351172,-0.33748057181699803,-0.30142464635784816
14,-4.384365340967647,-1.7176618938836739,0.5787187190157588,-1.149257668096894,1.1376258048559877,-0.7490314692152081,-0.39731159334640104,-1.3692218111803212,-0.2292934530872678,-0.5467544472209216,0.4920686501257674
15,-4.242670423169042,-2.8855178567945794,2.518785795255505,0.8678713681266811,0.5895229491133043,1.3174879370789572,0.053232764830502224,-1.7430115338104022,0.3781133248437309,0.057242906796093763,-1.0243605379553133
16,-2.5654537559705846,-3.2946562462734272,1.9384850848521902,0.01610493021134939,1.361409684351395,-0.5697185930893203,-0.7157592268523263,-0.9503276044899154,-0.036305545615140954,-0.01960458554043718,0.07933843707147453
17,-6.2174997759167425,-0.319077432708172,0.31185652170327877,1.499094259740521,0.1571048445370685,-1.1031369870979397,-0.5856069793611883,-0.5560429639663346,-0.7749308407803696,-0.6267499258442435,0.0315204654349644
18,-5.347416663899206,-0.8081470936749559,1.135690211162898,1.3710307112106586,0.466424325935453,-1.7458289163193785,-0.8232590850821605,0.3789772089503803,-0.2748802834056229,-0.7448576296514807,-0.4228618570022475
19,-5.925754782615737,-0.7225329842784142,0.7722313533575148,1.8076961074025997,0.33346106876167836,-1.5435958455445826,-1.009355647163921,0.3549160703913362,-0.7024316151530527,-0.6622758274229529,-0.22994664460892913
20,-5.554691846556551,-1.009556835513725,0.23119808573348968,1.3143993679969683,0.17718862691506512,-0.4644774762320609,0.08989809267003418,-1.4312997279403379,-0.30866882509859783,-0.4000389155865161,-0.0009510551546216069
21,-5.37267807294607,-1.1971935495329158,0.5934071034999613,1.673150711602173,0.34119025487479654,-0.7106728015194981,-0.7172812187409933,-0.7092078000822337,-0.5594049725523499,-0.61948018711705,-0.3441478620878118
22,-5.2818201120390125,-0.992125993812029,0.3861659562248596,0.8119886561621383,0.21490615929618656,-0.5782865349794427,-0.10506988859323783,-1.4642124590234697,0.12090930437514458,-0.3417236837849162,-0.046998299614239854
23,-6.219760810472587,-0.6331230208744459,0.6827171769239886,1.666790084344181,0.26122055060932137,-1.6058138800635906,-1.025357205005027,0.49860967347031715,-0.5943245432850519,-0.7566672588388973,-0.2837059432891343
24,-4.214746844999373,-0.9971712749990074,0.052773132366587275,-0.43235220568499244,0.7498223309079034,-1.1940440097110765,-0.19858916926928127,-1.6492105415063263,0.3526981996506963,-0.43154762976158223,-0.013336182949380122
25,-3.5585444930970143,-0.8935271094925133,-0.05440708358413532,-1.1415803853005118,1.1397522939598292,-1.5185857328063832,-0.523975730583853,-1.8023251888082983,0.47864190369068027,-0.5064174367083863,0.0611627180125986
26,-4.16010742146667,-0.40973531947922615,0.33667342743925455,-0.5264672450974246,0.8541367059896249,-1.2417998143147442,-0.21245914493533705,-1.7794009960199735,0.17208876400890552,-0.562226025615428,-0.22757854522269683
27,-4.481311076063079,-1.8261436969289104,0.8972521719832457,0.6896642286526367,0.5865526056852775,-0.9995022553956613,-0.5601373807375745,-0.6146221568870622,0.6781769005436887,-0.13102753246384655,-0.5588538247790519
28,-3.1227999590193747,-2.1297109870880213,0.05887168232535681,-0.1808093591752673,1.1778675489922872,-0.6962539326167387,-0.4166552536605368,-1.8700453210196193,0.2562034324223175,-0.4619447827757475,-0.6547181252927691
29,-2.74870317417164,-0.27574671480316043,1.0402300484923974,-1.1373465006670194,1.4056220027688509,-2.242308490119354,-0.7369720592927479,-1.1597907892344552,0.20999753731762932,-1.0315365858930237,-0.4602479739744653
30,-3.539076221022934,-0.7064244034399554,0.1606188703092533,-1.3355962153015186,1.2123992131441552,-1.4795165388335034,-0.17882328093636524,-1.7939289777589433,0.6290699376289405,-0.5202826796260489,-0.4462671446879059
31,-4.615149239129417,-0.30856718235201563,-0.5836886989579582,-1.0635194892961775,1.0813200091182764,-1.4519629855728549,-0.322963123951667,-1.6698157712800203,0.03809127201799292,-0.5547941221922675,-0.21279323500350095
32,-1.8272446314605255,-2.6589572758326243,1.0712851925431472,0.21991054778134478,1.1773591991190757,0.35361842385063186,-0.3636641089148824,0.04582443433512951,1.0116076359070845,-0.13223202463102396,-0.3865585386076388
33,-3.361737579581782,-1.5863803173915492,0.39005624916396536,0.9785350516764507,0.3227180829672966,0.6703057952870891,0.47926610084136134,-0.7306450253251715,0.03886840659210283,-0.35567058888480857,0.9349033147576324
34,-4.063881051169587,-1.320670167993395,0.6144637961281665,0.6348029869421516,0.14448332425283303,0.6241412110387622,0.27731942418685895,-0.32670154163035225,0.7292309107519807,-0.4564145510061405,0.7426172206771965
35,-3.321270266006365,-0.39765492176649075,1.1113886921669436,0.17322212687357494,1.1011491330914989,-0.9134408740540955,-0.7056187101337789,1.0129936331653546,0.08483886036531456,-0.5090712238371616,0.03755142712335703
36,-4.031466065282226,-0.3703024125261923,-0.5565353109506755,-0.2143839964809166,0.9844462607294041,0.11427630385961153,0.11597649235828844,-0.599738011727098,-0.2925638930576618,-0.4388098430006197,0.41338937058305425
37,-3.4022755874892043,-0.48822832817394757,-0.8078551647333413,-1.4069484637260528,1.3358008983534029,-0.1652896553999591,-0.25346012647107913,-0.6848884343515793,0.27065337132330075,-0.5736236293466169,0.2646509431866654
38,-1.6389245633621448,1.6962133512538795,2.8713562480679746,-0.0792708861868398,1.0915590218834097,-0.8564920949917135,0.21376054121507015,-0.8560070297503649,-0.38405155951743286,-0.7250006042590356,0.48847210817039594
39,-4.507668831614234,0.3638734574826575,0.31328961703263025,0.40424005475624,0.36603415293403546,0.2542633827024557,0.29537772989590255,-0.6607565086468272,-0.37255953072853093,-0.6645417275826525,0.737037083141722
40,-4.289782879475134,-1.1728898100371863,-0.07178493946274403,0.2940589408758427,0.469144239187162,0.5734548221142801,0.2784857959219444,-0.3907571260261193,0.5035983968397922,-0.06030092756934544,0.4585385899087369
41,-3.4349809568344623,-1.7528478210317373,0.4596390070747621,0.7360355744324344,0.627759012402067,0.09108317026309165,-0.19088167315880636,0.31542696547083054,0.3393935842840251,-0.181465239732776,0.47890142870879443
42,-3.537795003844366,-0.3911637706228501,1.2625835057754393,0.9671013618001328,0.33494304656265306,0.7906791890599923,0.5752625405800118,-0.9890889219205824,0.025809942513804463,-0.35272002459916757,0.5363814653717116
43,-2.373702271384676,-2.8692105330417164,0.9948743798643302,0.027552179515565118,0.6953242487679457,0.05644861936733118,0.1629493926580933,0.350920595040896,1.7131771205814614,0.26170317947522836,0.20328994652495597
44,-0.9173663147241051,-3.404334600629835,1.106221009751879,0.2922167932409498,1.3650917493567534,0.218614605146584,-0.4673587210551888,-0.05364203403292258,1.1245183019741372,0.08601208566317955,0.03308500736158335
45,-2.6300750333659533,-0.6131511278594289,0.6047410904806253,-0.3890843395496569,1.405151838562868,-0.6335864117149104,-0.3863062246964214,0.02017470073312668,0.19630411147810475,-0.27032067771549856,0.3129682550689267
46,-1.288808205795228,-0.9986933660000056,3.820928102892807,1.5874002296583332,1.5053421155429163,-1.1239843764938398,-0.2826205343209689,1.4527204109492342,0.5698983138856588,0.1450522878247821,-0.23274403565424656
47,-0.5920261274871609,-2.4659110245627724,2.622042023736498,1.3413158385026005,1.1443872840102451,0.47017420022931206,0.16188037915629747,-0.44001879401690464,0.793094246480511,0.17288820410414865,0.13157939080028702
48,-2.344162451387549,-0.2302126143906939,0.07220598139798064,-2.3977917015497394,0.5968556922414053,-0.05838385472302394,0.1481509151091982,-0.22575150686417167,-0.07785352332601146,0.22071888263192313,0.7036460681070678
49,-0.7620645605764362,-1.4825099688332544,2.0655248587936024,-0.9369534651794745,0.789128623381538,0.12852505414577692,0.08407487236175025,0.4462347255696708,0.2733510940935608,0.5428660085304093,-0.015451463956403953
50,-2.8457395652718356,-1.2675101474484298,0.7208986325155419,0.061872287690796175,0.03577782547581188,0.1902343785510911,-0.5709259183608263,0.7500420061232904,-0.7460644714703136,0.40062204553687875,1.400346233355715
51,-2.8791775467473535,-0.42415852319990105,0.7919763322629324,-1.0369817699289585,0.3623389567764758,0.02366131889587237,-0.3343569449882683,0.7189293061273125,-0.45219763153999976,0.18475928167785274,0.37853681403344225
52,-1.2220345780907755,0.9354273088862717,0.587744015688497,-3.739462964671407,1.2182794858918953,-0.6543018921658007,0.12795301880273585,-0.6138687095288464,0.005568673571644326,-0.1591713478629466,0.19959280823534328
53,-3.0331622010270167,0.2775917157016269,0.17900986847435438,-1.5630785296897443,0.4659237540120878,0.38838767947985825,0.07252735021771764,-0.29145308478559134,-0.8593917380025657,0.004522232912354129,0.3311430092827808
54,-2.5980090850398825,0.37346416030561724,0.38709668631743316,-2.1942521473229037,0.5424682951317908,0.09325921483302832,0.07907835857775354,-0.24739590077896662,-0.45207306006321146,-0.27868473723646575,0.30051258573421064
55,-2.9703279317427027,0.10967496947559462,0.8569541590039269,-1.1824338270184311,0.03668324647042137,0.535189860908857,0.23755547015195327,-0.26218553519439636,-0.4437244570637339,0.10252434635746621,0.5863489591221409
56,-2.3303492392527185,-0.5698829992961028,1.5338538923921397,0.11564022960766475,0.14585887117638155,0.29932872045811737,-0.07557111651745879,0.42685527880888463,-0.9616581148446469,0.1625114418819876,0.8056819936501555
57,-3.025222076193509,-0.6761707773400801,0.2309115958667236,-0.4936260485701759,0.1423897770333123,0.6172641844449136,0.3439785974676667,-0.13848907056220003,-0.8707643320216943,0.4119766881201994,0.9601550427287622
58,-1.8845497054930878,-1.4934960634821868,0.6924021803419336,-0.5846330674972571,0.17816255554250532,0.49531128765295857,0.6729486464037493,-0.1664715296489279,-0.43054106096520794,0.300260217388974,1.0430345949688629
59,-3.3156357202678155,-0.5792152424253498,0.5205954348616461,0.21475030268480283,0.34371063232140453,0.15787898904662231,-0.03373689242490019,0.8589731273376459,-1.3715771768216625,0.21283867908522028,0.7232204914761838
60,-3.136239447134919,-1.3911117458405475,0.06825610927494509,-0.5195372940610105,-0.161959693155815,0.7542062141713118,0.29930541676753303,0.06352181880515477,-0.465596118048193,0.25375745832197444,1.0564704561903562
61,-2.4188650838420056,-2.051710360162385,1.2311087967593917,0.5322547959345442,-0.3819688092705917,0.3026294545599032,0.37106961357683604,0.8322568198591223,-0.38858590172924223,0.29309054769063836,1.5610320613693853
62,-0.4252963708537187,0.09222699903580373,1.7796404040883467,-2.3503951558793537,1.2028179036540592,-0.8743967586959119,-0.14132630928551795,0.19210674232499536,-0.1054527329074567,0.08081873599098267,0.299584652526241
63,-0.8647918986735955,-0.785660938246642,1.4108234049709905,-2.0735736708299166,0.9442643923666271,-0.27605765371194185,-0.28511746258057147,0.3140363726018513,0.10493899672885053,0.07538920524575807,-0.06211010310846642
64,-0.9710310673808499,1.3644765150613618,2.397595768298595,-1.45119629803745,0.4953651727634578,0.02648048991434732,0.4999419238281531,-1.0859798974621362,-0.8248400991324358,-0.0058740622725423994,0.6863129217674443
65,2.0647079093918905,-2.0204992967409723,-1.2739656044348833,1.6925134561441821,0.5686177325378672,-1.6302171716711382,0.8698430196724349,1.0015377568610278,-0.07079685430699281,0.44340511199541477,2.5401482885499034
66,0.7623780835339437,-1.4280649061428778,-1.8740986740754966,0.3134927481242759,-0.2625393067485277,-0.20565636373179502,0.7016975094691984,0.08719637364073295,0.6241418562852039,-0.515464078178711,1.2037323589603317
67,-0.14583206658874298,-1.2267118361403542,-2.3962697334606764,1.0280476710199178,0.24139668257773725,-0.20659003988420144,1.8701273412119845,0.5139819194225466,-0.12044643879202836,-0.26282227058723,0.36047811749616415
68,1.125782647068039,-1.4833291172595633,-2.151986819475337,0.4158402510220132,0.8034503224212205,-0.773372747624901,0.640005635295232,0.9636158978218444,-0.16372803752891749,-0.6381973441228513,0.01808495983446214
69,0.21040853478566515,-1.568901282668048,-2.4518132876740144,1.1652822988972518,0.7549290082602069,-0.6032203537484264,3.08306337219992,0.7851303085096897,-0.1379984764415528,0.1760265363452492,0.0442021664413904
70,3.3585044798596253,-3.048524388321471,-1.7259529086591896,3.2027313605166743,2.4962186997552407,-0.8032397940065148,5.566030936721944,0.41417927152379347,-1.779642679033359,1.027131458019345,-0.7517841326256842
71,-1.1941415325884035,-0.9810738521425816,-2.317634593906329,2.3896058870758017,0.26077021729022576,-0.18760288251512688,3.1620989982168832,0.885300843277609,-0.7100732210627535,0.3872070535391658,0.29650293567776403
72,1.4238303279058346,-1.6546793953292658,-2.1731157698077603,0.5335918502903523,0.9345523583407865,-0.944038007066928,0.5081076391381969,0.973918609907592,-0.2527308684213608,-0.5887055681026719,0.3752395051180589
73,1.861964418209122,-1.4084387165851466,-1.6247889674235774,1.5457489349141302,1.1937734080525277,-0.25296096571527954,2.719246320598918,0.013992976234120479,-0.9372524002448178,-0.1560258474165748,-0.43773074670512613
74,1.2841258945521763,0.6552552101679278,-0.6502579471221279,0.5300382380252537,1.1224244106805525,-1.3036758616128228,1.7005836052498429,0.6911917976140993,-0.5214352987134412,-0.2657968902071977,-0.3885431761531004
75,0.8621262240584926,2.067617191395575,0.1973998200691581,1.176471214429566,0.9851312869159623,-0.9512886416879472,3.7088676951599466,-0.30100205172259303,-0.7707518127197346,0.576857364931661,-0.3671665052797535
76,1.3777237648296314,-1.4112118551066382,-2.240911186222999,-0.20442018198743103,0.42618980503773063,-0.3448152273926474,0.6436103145036931,-0.018242172900810028,0.30707555819751176,-0.7740823697506278,0.5850131615512739
77,1.621326354514379,-1.1390639562423086,-0.9286917612629844,3.026718374095181,2.290623461450272,-2.0532078488122867,4.041413266087346,2.295772793773521,-1.7844769501053401,0.7419613554438693,-0.9688961224553063
78,0.946967863743742,0.9489488203351761,-0.8603130639099149,0.9073725977143763,1.528002369504144,-1.4391689168051311,4.425851302413651,0.2984045486480601,-0.6272564694720549,0.7731309271655816,-0.5300236342387293
79,0.8584438631010999,-1.6401790540270165,-1.488553852775712,1.336811459405143,0.30746017245610535,-0.7095974177597137,3.2863892992568826,0.5978957734746032,0.33778550849105504,0.33736658525221264,0.6665741445384
80,-1.937951407617194,-0.9140590445884264,-0.5224315872438736,-1.0217862552637877,-3.0483804991899697,0.4398151140412083,0.22450825704458366,0.6419741621932643,-1.8666275566714463,1.5486823715594162,0.6021065659700346
81,-1.40341774059505,-0.9344559530729701,-0.34336935964888976,-1.6195566768128045,-2.851610157273187,0.2971914928420118,0.3016797691720187,0.5236995904325406,-1.4587145442989904,1.6794203770813185,0.36589833897572804
82,0.4900601718834769,-1.077476385472954,0.3771894720841276,-1.8298636120304215,-2.5143542427171384,0.05273338614590782,0.11996444519658288,0.020055584902097273,-1.5607858276985722,1.470329780526709,0.587662889082145
83,0.4210155826234135,-2.0003484277728636,1.231412746517296,-1.7002869815266048,-2.8124693616401992,0.3618789371704089,1.4167107318528949,0.5915169704711261,-0.36483530593670216,1.3633648894701142,-0.45316192480545314
84,3.6196134624886227,-3.469651230839337,4.616606961956248,0.5779561640236145,-0.7866480945183706,-3.7496458655835427,-1.9227702519166288,6.327406377513579,-1.1098798820403222,1.6282372374586824,-0.9491112874239969
85,1.910067721798179,-3.289309893973918,1.9030504438222808,-1.7083659149938242,-2.2841418282385937,0.9755060025524134,0.9480932432274107,0.3160925559128863,0.40906897282517823,1.8790990726470496,-1.2281964955735591
86,2.513075931928513,-3.1686289991955054,2.000331270609457,-1.5763724880446877,-1.7650958926046847,-0.28281213953704165,1.282366957118466,1.166281703074381,-0.11032347873454933,2.1096519525059856,-0.9514783421918572
87,-1.129674654513459,0.22869606799337197,0.5664460182061463,-2.0645362990084553,-2.750210330000279,0.29864486584417926,0.5059134094294431,0.26386543538739643,-1.427597495541333,1.2892019956533407,-0.43941407471723193
88,1.2364731950051757,-0.09685741853170834,1.2373027042337967,-3.074102735683898,-2.06967227343292,-0.3986438082513108,0.7338767277923629,-0.12072186496596302,-0.904648100004049,1.4014444079622959,-0.3505339638729805
89,3.7628200813032593,-1.106331641367903,1.393236666487462,-2.0416792832490356,-0.7692116470159277,-1.3354016353022686,0.3886930264824174,0.28366259499170715,-2.4422447500823954,1.346630693239472,-0.11596957419088902
90,1.9880298851169955,-0.6927683577218641,0.6411217151515746,-2.304364259456355,-1.5208244275974185,-0.3905588367937851,0.7872069662870933,-0.30499456604690206,-2.090099469073915,1.3746579346667642,-0.23297128343109477
91,-0.0817394959626958,-2.017428527568775,0.8234465238252703,-1.0733088637604473,-2.6629583401914134,-0.03426687903313369,0.022128099325590827,1.2720452583745774,-0.9748849237862899,1.890608740162904,0.19305400540235573
92,-0.5602449135511341,-0.6661910264121174,0.6139084692249334,-2.3396772577547424,-2.516936872701997,0.2728746896349293,0.8356541323660227,0.4009143811238061,-0.7258839142226451,1.691066925459946,-0.6774001116129343
93,0.9892302517653059,-0.10367568796798676,0.8340379861805806,-2.9151601843898085,-2.0093111715617975,-0.508199977445604,0.6535795018576664,-0.11832481509465684,-1.1503606539567823,1.7250187981552483,0.03985276460886301
94,1.3256430228258917,-1.6851969730692868,-0.746612894859033,-0.8014841882763336,-0.4427150788247944,-0.5600397845323168,0.7145007499461958,-0.4018542676219347,0.5957581527877548,-0.6582703540806321,0.36431325512297036
95,-0.35265979380364126,-0.6449944329147276,-0.6592495948201221,-0.24404405879887733,-0.8767072730629024,-0.3294326977885472,0.9781851697846473,-0.19865951539156193,0.3173499394609407,-0.5646165019360634,0.20644979001381322
96,-1.7116578648257412,-0.07893970962380625,-0.7970831960121109,0.3353494883094042,-0.8520059451943783,-0.5257645844422123,0.2669579365793994,0.8237556916783605,-0.2299039496730435,-0.6272399679093879,-0.25362773507820074
97,0.2680256342395097,-0.9604160107558681,-0.12509035881075592,-0.029831087151507944,-0.849124233365098,-0.08616162135186145,0.9310740729689266,-0.3985497972133712,0.5175892348707095,-0.3968856108611553,0.08673076614806467
98,0.13581176042159307,0.30266448879695446,0.10907663676273677,-0.5659919561478008,-0.3802756320319781,-0.9112751800975907,0.09987508265852355,0.29138239721439524,0.04806358579291119,-0.8024908579423938,-0.42836505587492646
99,0.5206615824799056,-1.2186015403846242,-1.193700230338996,-0.37813456147651187,-0.33931956060810764,-0.49172612158169393,0.1627553074324403,-0.364539258831066,-0.03367858742525685,-0.6296208637845156,0.6126815873553461
100,-0.2630522360868871,-0.5296779419206654,-0.7868231573123737,-0.3310481608726994,-0.31398466753106635,-0.840949446463345,0.1200822720055188,0.5864223280046801,-0.1321616574462308,-0.8173402978656915,-0.3297975465157638
101,2.0033623016176563,-2.894364165384026,-0.5080652137313119,-0.4149112709623306,-0.6742252203329909,-0.42507090068059716,0.9896260734748646,-0.361998387349289,0.97981606131169,-0.5446286361979433,0.6550355550261303
102,2.327563512444665,-0.08745083379824987,0.06350851109469452,-0.8001159351339694,0.30057671620006954,-0.7128998572596714,0.6388143089136805,-1.1555606520996593,-0.42183994047960177,-0.57406609321822,-0.15344879989492236
103,-0.10594248861139587,-1.0413737862176626,-0.8374691534421126,-0.11080713548202967,-0.4454265486118859,-0.69355127401497,-0.045414229663877356,0.6045530576995832,-0.060335539165085085,-0.8213809216225604,-0.13299099501628167
104,-0.3977507496416071,-1.709099800982458,-1.1128913520879122,0.3302532251335088,-0.9071775952133635,-0.0014354342481592102,1.0766506620620282,-0.01591934163696321,0.19038360204417373,-0.5336149334803311,0.16167870939459483
105,2.0890869983180647,1.8777471208616574,2.043821573138739,-0.7136811499899078,-0.3423445705870423,-0.7170556830363172,1.117627869681475,-1.5264803009529457,-0.06339168185796853,-0.6522561303664635,-0.16239253014243174
106,-0.6261334573105342,1.641948132536346,0.7574802451328615,-0.7742236765227843,-0.7584701303062115,-1.2354657483253502,0.3016728929465753,0.4346523717259034,0.25605769101243403,-1.0396271715789305,-0.2505151322017027
107,4.063562050669039,-3.5835891982777044,-0.5773738014441491,-1.190346290085556,0.3742442213789361,-0.6599666835035629,0.8035391996220357,-0.7959485773749349,0.9396760616837188,-0.46941707116128173,0.12915271631952366
108,1.4774345756847818,-1.9446442971113138,0.46140127540120834,0.4527502142282549,-0.6346079363850533,-0.7336877929205462,0.7801147247355132,0.40076914471929814,0.46060897626305886,-0.5564468729126227,0.23093346923391309
109,2.683188521244046,-1.8576991792658921,1.5354987383048453,0.8851337819607075,-0.5576585271639459,-0.8066102688242338,1.1463208284248199,0.0370781818040247,0.37867245615332185,-0.5668537491555895,0.5148902762482193
110,-2.4873718523295545,1.25003376379409,0.01696456882400424,-1.6981593537249686,0.9750344201787454,1.2631504822159647,-0.009349998514708281,0.40972379665815883,0.19356741131902383,0.37044018391041716,0.6675246337004137
111,-1.3981940433992306,1.9633967493399833,-0.048886854129054705,-2.9118733018515655,1.716573146510411,0.6374003159315224,-0.12669824203385846,-0.009790748883771563,0.13008209828328282,0.47447927255945316,0.5490682240240337
112,-1.4902703096644996,-1.211265496151556,0.6387043861347638,0.4293156732171826,0.7650524243420482,1.4894988445472728,-0.7385100379918461,1.2575273198752166,0.11830073865091843,0.8481747632407862,1.4469243641334708
113,-1.8192448746750098,-0.5338375792309246,-0.1094251060122345,-1.0685092040140813,0.953861577911097,1.7433305979660152,-0.15503238926318527,0.46799821251938106,0.5565722111623838,0.7727884903257378,0.8117092964269178
114,-1.8843401813194154,0.6307730833233688,-0.24896537195732238,-2.12115342748339,1.302111066257586,1.216861600868952,-0.05955226659903875,0.34798662259479746,0.4903545005436052,0.6059959485304631,0.5417027177625506
115,-0.41614261042053047,-0.7745698039186366,1.4427222758137699,-0.49469389859421464,1.429335310627018,1.9893545360532903,-0.819316890850635,0.7854695060910852,0.3526275661965618,0.3942574596990302,-0.6328443193811422
116,-1.577189472026371,-1.8680762163799827,2.4642029551759697,1.1439050873862513,0.21948737128051535,3.9405211264701965,0.06413042589551612,0.15897781267199937,1.6049386088165685,1.1190886035172025,-0.4676556320761525
117,-0.025920423993855045,0.21471853279808845,1.98799912180859,-0.020698974544913415,0.9728019681222982,2.2427588957877473,-0.012244719272637341,-0.4811546146393191,-0.23867021586866713,0.1298305075711424,0.51397522019961
118,0.18958762707860236,2.6112433976117213,1.1942111728619793,-3.1597931220329345,2.005969380949832,0.2956773377277653,0.10983620550932434,-0.5539423997683229,0.15128825361063225,0.6428634837093491,0.5341437261477117
119,-2.2790313777188342,0.7823820771080706,0.28624564973816835,-1.4592165467969382,0.9481113825916572,1.530097257301272,0.01828427978220745,0.3838311776289545,0.5165967158780763,0.7296244525971985,0.5484099780233732
120,-0.11543148101161313,0.1427554223939511,1.3404380162717449,-1.6338516560608773,1.5930319364984575,0.7674345985330404,-0.20267591017393216,0.8484979661760554,0.668881561243181,0.6816054490002507,0.18448282810223404
121,-0.9435364801484739,-0.7534940561912304,1.2825080865296103,-0.11493869095934808,0.9352008758913702,1.3779827522207648,-0.27081340353553773,1.108517582000796,0.46367932534329565,0.8076591585868848,0.797945570917001
122,-0.02964802588339808,-2.109111373723189,0.08951584626467092,-0.9684646308011728,1.4397420900123878,2.390532978763948,-0.40820575629640143,0.07765711658717513,0.5739804376206229,0.537103361590766,-0.1367984156617579
123,-1.6696836663151708,-1.9930053695329577,0.34814657594443704,-0.1847981421351077,0.805230799601072,1.9034542583100849,-0.32149474289798763,1.49493167545924,0.8987088436134791,0.8777770014235751,0.20481037710329492
124,-2.4322847429242462,0.19117600048802316,0.4422381447333569,-1.11906318491388,0.802993427348379,1.9678472831156202,0.1146729546300345,0.4405500619288841,0.9042571512913558,1.1249106434986775,0.27647696962633633
125,-1.306239349922565,-3.280304124159024,3.0096589392062048,1.2666460021775332,0.37765540098019396,4.9333127496879925,0.0883666751335702,0.2831222108556235,2.9709262623871715,2.1622328022190205,-1.8410954637147312
126,0.06758777885911807,-2.177570302163399,2.463951248482363,-0.06381468199408231,1.5681550895953136,0.8862303371444965,-1.370834312826219,2.8763911421386488,1.547222910170056,1.1948792511810562,-0.586888823902391
127,-1.3552681942492462,-1.2544390659761318,-0.030780293600542814,-0.40476408245388684,0.9792389380790044,1.9295017858031016,-0.43859825387452345,0.4079136390971138,0.398684222995199,0.9485526698696127,1.2130027456320915
128,2.915977821240578,-0.7301030198183266,2.726132889589761,-1.5387601374485136,2.134958744325681,0.8259852225569738,-0.392610283908512,0.11873701096653075,0.8081914284054427,0.6946476472831853,0.11056570060707695
129,2.935681400662834,-2.715006116993513,2.6342019119653513,-1.0931249058199652,1.4807105952559998,2.303084826854894,0.18086305830712987,-0.5386577992512313,1.955613712844093,1.1058003527173779,-0.05622767633513984
130,0.1267935783704046,-2.5765283492382394,-0.850390709175403,-0.5998283351027874,-1.9217459898149079,-0.693032441777546,0.36654386866073196,-0.5537955696918725,0.4985571102886254,-0.44570981477364563,0.10130645799160859
131,-0.7447007905772602,-0.7294850930910307,-0.036874090865216896,-0.07465557805142208,-1.730187084205964,-0.9199885291321855,-0.2892942257186473,0.1721302952530809,-0.733899826626439,-1.6035380643710464,-1.1343787486776462
132,-1.013334043529419,0.789584735530807,0.9584210729122905,-0.6434920384911033,-2.042520991070643,-1.6324677882088643,0.4197363370116575,0.22624487241576655,-0.15007261956734827,-1.4202970488311641,-0.7322487354138237
133,0.4536730320182112,-2.7150986547465568,0.424802638343303,0.3837268879687786,-1.9772910601438374,0.4997341440973195,0.19997990253564615,-0.9024077806621668,0.38498859330698143,-0.7585840719479567,-1.2393189864559162
134,0.39480396111683397,-1.3655576481183542,-0.4623161110952516,-1.0746789850851977,-1.1640284761166408,-1.3116766751564186,-0.37782945343138763,0.02282668779329743,-0.26069782137490644,-1.2366710007524493,-1.0967264037747624
135,1.4714923822866408,-3.2067525217920134,-0.48727026057285383,-0.502614226634853,-1.3464596968434135,-1.2723447461164277,-0.42745843652604426,0.07556138289567062,0.16744498111595607,-0.8346530353978513,-0.13970309407526746
136,0.7959226916373499,-2.7315359380486273,1.382710331352462,-0.6071329458378547,-1.6940521041521222,-0.23692175223936693,0.11056187556038817,0.1365364651870754,1.7864222948808515,-0.3514524938746048,-2.12071246191295
137,0.02777021778996511,-2.8229627034239533,-0.8657392545166276,-0.3406381210742535,-2.0593020800660624,-0.4478304975648755,0.17016858073614483,-0.4443842569428029,0.2895169070330658,-1.2082453843611478,-0.09586769228298954
138,2.274321537054199,-2.8256747970252825,0.8813386420942326,-0.8049565724433169,-1.24918214961378,-0.989523664324958,-0.04323539278883004,-0.26627077121060294,0.8606829630577664,-0.5622298693148421,-1.1090995843279885
139,2.2760292907079878,-4.440824828875281,1.411548999373236,-0.8578707413976866,-1.759042654659055,-0.4333117026656599,0.3366563154453501,0.14954905389632547,2.5665750490431227,-0.18374906664602567,-1.5539144405133638
140,0.3997172663729965,1.9657798815677379,0.34103363417431726,-3.045325200807731,-0.9726137570470706,-2.1634667320940424,0.7151813899246207,-1.244423367150217,0.17932120045674207,-0.6995152787775091,-0.7313592032884415
141,0.8927714179385727,-1.8219766652858869,2.609677016342295,3.156034580464355,-2.8259676112247636,1.7252100276663198,0.7606574829760495,-2.0957556296101982,-1.1036220584416248,-1.8332842103008948,-0.14310600886694294
142,3.125271984660007,-3.5824043692894176,1.3395596524012168,0.7111651042519852,-1.52658619235436,0.8108430884201743,0.0078636551277257,-1.694683001227213,-0.10102068645190944,-1.3899303853920923,-1.4529791189267454
143,0.19126200823238965,-1.3403693622119,0.18183488518735116,-0.6563469493836456,-0.6158054859930331,1.5764468676867547,1.1633202760960362,0.48985110271635146,-1.0805212363779426,-1.1121326868717114,-0.5820351792107286
144,-0.16775968772461014,-0.774392720185959,-0.29847413621327734,-1.4612007528665545,-0.17494872789411428,0.1467875801281911,0.8689608642698632,1.684097102574311,-1.107100666988894,-1.240218758769348,-0.35713844463390787
145,-0.6980431474577482,-0.9686793478845818,-0.5393761663244203,-1.2611891175278247,-0.5270304874877424,0.3100659091725801,0.6095716176404673,1.770997694442684,-1.0198952885539827,-1.1699607369829368,0.0027414736860597276
146,-1.5446528418118535,1.2689446533524407,-0.397126387275659,-2.208835044672814,-0.6710076138450694,0.3506613441265016,1.2471804573949132,0.7261309607955895,-0.9955223040126172,-0.9929072167718527,0.07122730403544843
147,1.8742082057230731,-1.1513899778828007,0.0776374672060613,-1.9423099209247008,0.3879255919113351,-0.500391707872614,1.177832915360414,1.326850181367914,-1.05091141489063,-1.0533256160190818,0.04839510670895406
148,0.6067425799766848,-2.06302242109797,-0.9474642720877968,-1.0141953417403347,-0.3053386813261033,0.9488785163086761,1.2850226201105943,0.7538180741257825,-1.41492632711451,-1.3931645445435152,0.01388090717519727
149,-0.28045693719007425,2.0358775935991114,1.8062521011460468,-1.092510096369909,-1.1214245458841878,0.7260248685554191,1.5281303164864546,-0.03477240716069163,-1.333556460078312,-1.2327281219103607,0.30057183499655743
150,0.2400568369353364,0.7763536118893127,0.5590339971271264,-2.1156120664282057,-0.6109698800732366,0.2170476167382674,1.2425159939281658,0.3655203034936095,-0.8492973178485738,-1.1837838564559418,0.38275782701840183
151,1.6493045483795572,-0.8586540835137512,-0.15217319238808727,-1.4798425219326068,0.08776407895328261,0.8433265482464586,0.7693469553823574,0.014355534069609254,-1.84624216690626,-1.5584560790054929,-0.24798422359828223
152,-1.253654669576108,-1.1692747268838775,-0.6757736369957292,-0.8781000887775842,-1.1608128961735862,1.1805518763890845,1.248397834837144,1.009487812994114,-0.825100316249038,-1.029763834771369,0.27474948948602196
153,-0.21247202768703313,2.037460186710101,0.9392531490884907,-2.3650774289424743,-0.6446944175411247,-0.006567427334744658,1.3400041870516501,0.24917846731904933,-0.9211308892657767,-1.0501968093831089,0.3608250743685154
154,0.02813753876840858,0.959250511240476,0.46820416560738903,-2.0666009370949987,-0.19019005865630578,-0.28852671336219615,0.6072942137408333,1.237016322912219,-1.2341788721751172,-1.3027514363157136,-0.10087177211586226
155,1.4797319830751903,-1.8650065120968542,2.744531610319375,2.396118653906823,-1.232903744583713,1.973774012079549,1.751225906419646,0.6160737752802822,-2.0213794137956524,-2.046365632850167,0.491910427402268
156,0.9016735788351822,0.7042395718340464,1.4668223392672746,-2.406883889086554,-0.38364087582294315,-0.4681771143213164,1.001803220398048,1.2492114316349416,-0.31919746631659407,-1.3272583430913694,-0.07443094023117991
157,0.443309728715054,0.7863414958261099,-0.5711158324522952,-0.1319691875840058,-0.1362775097066747,1.4321895392162853,0.4352477936643564,0.6223918356165785,0.3134937906724314,-0.6250224028630833,0.3670589568200523
158,1.562253112840607,2.477499693878518,1.7217171383597878,-0.6149385584692271,-0.1529683362895164,0.2543040799379981,0.5059364227879121,1.1618756897631795,0.6570208687410266,-1.3084258239352546,0.19686362518564754
159,1.7515941845396081,3.1169017307783404,1.5284512468266735,-1.565796495303777,0.26122377555033954,-0.23397768699301855,0.4693872405801408,1.0611649311876254,0.8073025072669888,-1.045362120348177,0.0467451478400011
160,3.1608547423491236,2.5721230109997,2.6819459243574375,1.1872847730183396,-0.1928559881875428,1.3898187462276002,1.1429307584577197,-1.0048605442555574,-0.5762233013401736,-0.6619451186740347,1.524316038515498
161,1.1253939613717778,2.26173200137357,1.0889154930466731,-0.4971561108001796,0.04947984517067641,0.23909921140310494,0.5135419944099286,1.3197531330213947,0.44956549831010045,-0.9669927054624952,0.1870229313765764
162,-0.5356934077839228,2.8618543974846657,-0.9641088414338398,-1.9631777384970863,0.13012938302484772,0.5224704987351871,0.5673820948913937,0.7099668680688619,0.6356518564726781,-0.6238012543427427,0.155930916039273
163,-0.6174182120247776,1.3791406567910367,1.6466148262222573,0.9436887352219997,-0.2583153206016361,1.5022640366280222,-0.17973919514495854,2.3267987162622648,1.0745064696919033,0.048190067875216874,-1.3295368644288001
164,-0.47856490042062605,3.1717938276240005,-0.899579688867462,-1.821727410531967,0.27189315445725215,0.5017600674277749,0.6265217946051644,0.5462142692803346,0.37393403061560515,-0.297276903549263,0.16767890103852265
165,-0.3216303437028451,2.31319016769227,0.32119852244600994,-0.2556009522160319,-0.6334757592563321,1.1984300044381604,0.8927746622821847,0.6781328319956517,0.4574717511592494,-0.9846540521059725,0.39380796564422454
166,3.293276365911726,2.494653712040379,3.2948717865964263,1.1630389387018318,0.2931133325666857,0.3481064568552527,0.2006474223215494,0.9541521356686024,-0.6420811179732533,-1.278952941030291,0.2944955843181727
167,-0.1427829959766879,0.9473672378421902,-1.4838347908411058,-0.773535853558446,0.015480847049717866,1.0445255617054083,0.4894689076792986,0.8608841480810197,0.3475091815506949,-0.5156397043819707,0.502263022487052
168,1.380066901699548,0.34233356130665327,-1.406187209571941,-2.325578422273982,0.5246699522883287,0.5726353794714388,0.5714106494144356,0.7611795229777906,1.2778297472976297,-0.8126876310661217,0.09557775290161921
169,-0.29591543681603205,3.015793377170416,-0.5221217553336753,-1.5089291206233542,0.04158815028014768,0.5864182761279518,0.6245733816543947,0.5496706348953041,0.41801389120499133,-0.5471478804268538,0.31766168370979886
170,-0.4517401039806257,2.7195181077071897,-0.4369317040924716,-0.9885449680412538,-0.15924527976699804,0.8278444480583959,0.6899775319509618,0.6448956724454935,0.31234319504447183,-0.6498969073127219,0.32359680363717547
171,-1.101366831412181,2.608618935308654,-0.2920646955089599,-0.34977032407838443,-0.24275895274935788,0.5171504346571346,0.17104163892742208,1.6413629257276507,0.08773209541970256,-0.6686354755175249,0.2240635942414807
172,1.889936410187012,-0.2839457532380155,3.4682111109874643,1.5347891524697506,-0.810276029768522,2.726334471138716,0.7150835193697644,0.9600133093253421,2.062789670609979,-0.7115879100045511,-1.0180656361824005
173,1.9201999679997324,3.4255408763052984,1.3554985756231628,-1.6103196730153202,0.5897184896803308,-0.4369266153817453,0.46393286615089796,0.9069563205575301,0.4996604789585042,-0.6617425140077894,0.17865143430750463
174,3.2767189399590873,3.0151268860203064,2.00426443012243,-2.8326167244414875,0.6740658777433916,-0.8110046566065642,0.5346702880563036,0.9816177670316775,1.495759692659674,-1.5177104204937557,-0.20536983044422846
175,4.226388386451984,0.5716583444285587,0.7878468153706182,-0.6251019930093427,1.1802465019780712,-0.10961202428886285,0.06786796629182114,0.768724891441687,-0.0457127582556817,-0.8323737102222768,0.5642878863793156
176,4.921253492837688,-0.7003681283067703,0.1872950887544786,-0.27003850982394234,0.024484390322252605,1.0054677743497225,-0.17657900499432855,-0.6173285563025294,0.14298929275180144,-1.1946349630346826,-0.35901834664260723
177,4.796536302752909,0.03961887918819839,1.6530631012795483,0.018668849936952933,-0.3968019214045451,1.2687429595642328,0.35520560467062773,-0.800757281395923,0.6996178106309858,-1.0383954698389013,-0.590415908213611
178,1.8474347624727394,-1.7984379766308738,-0.90920452059476,0.4212253724435367,-0.6450365915163059,2.1947789779023217,-0.21203394502513692,0.3526309149307964,1.1517577084113924,-0.3429178584538649,-1.1521183838865803
179,2.843884286336691,-1.0126007444414582,-1.1856601807208984,0.2449921008388248,0.24376823735702544,1.0851861774181093,-1.0660053877983766,0.7240859897118804,-0.42532041401493303,-1.0623843179691954,-1.1807911011591983
180,3.12230174589176,-0.4208579730252238,-0.947425462522924,0.10155286614152562,0.07452321301001351,1.5733964831607126,-0.460544699169175,-0.39646715069222854,-0.5144507537046896,-1.0908611720656676,-1.0494777570861649
181,3.2219743911386,-1.4257567391899733,-0.997551463425797,0.015200019864625625,0.025320149860371746,0.575370191965404,-0.9937153486391276,0.9325044728831118,0.2483050338546284,-0.8774983399421605,-0.2196393519581353
182,2.7122609276813625,0.3194091581266338,-0.32591656979318245,-0.11168856000138483,-0.10801192378180381,0.2675842641338144,-0.5802168345850395,0.6690137388283011,-0.1095824401863794,-0.8908821597151053,-0.25590100724851667
183,1.0415958109338186,1.8985832247160896,-0.7429044051465286,-1.2251187544830426,-0.5083854667366281,0.29650657047506834,0.5271618946448763,0.15315419661130023,0.6376583919417549,-0.3093137287554928,-0.1676860640319912
184,2.1001075073950823,0.12101172260503297,-1.5104115721717213,-0.47417166058248017,-0.04199436744536967,1.1671510150110587,-0.4188587483470136,-0.07635079459634671,-0.26107949148215426,-0.9955514491819654,-0.7649164387840178
185,0.5216150515572963,-0.14838844404177756,-1.0514844983292242,0.19551482007236737,-1.0417133743234825,1.524893796278443,0.2728076132480248,0.47857428824494896,0.776624394272191,-0.38186158081759913,-0.492769383211677
186,-0.6399737963621309,0.3014982548302,-1.4934979956979761,0.3828115986091099,-1.2944757514291227,1.3723125896938433,0.4302295276991933,0.7847991562309157,0.5890403069537473,-0.33691231730545596,-0.16452099980941481
187,-1.8434079704201267,1.3961686308669843,-0.7636038616268036,1.108740840803138,-1.6437711669660349,0.8756278289530384,0.144021944499332,1.758638030126556,0.22887034213640564,-0.5210750452623092,-0.10611785592299833
188,5.243425555157174,4.556731034574812,5.992829469499357,1.9122054607667809,-0.9372645565032216,0.5410191073797976,1.101382167321213,-1.7005901092009985,-0.4344416991782663,-0.596739594214045,1.1768104967107895
189,3.7733355243395117,-2.5976613282205827,-0.31349888126585773,0.7559376934808357,-0.2081029046426231,1.4322841351840006,-0.7524806878393129,0.9015035944504955,0.6250933504736614,-0.9533518378571263,-0.9725456645230028
190,2.7439272348121215,-1.4630408234930223,-1.3106667107810057,-0.6571285213637689,-0.12700490683743623,0.3243821990413318,-0.5211941093213472,1.2638076278146784,0.7366773927782517,-1.142743617385557,-0.43973563260073595
191,7.238187214090383,-2.5623733530154484,-0.9970762547175825,-0.7783537033476812,1.4246992931106242,1.4615698011368126,-1.2540323929849355,-1.1625237636092256,-0.6420330902280735,-1.578861606939754,-1.5153534737775058
192,-1.2643840435050275,0.6139192210538725,0.14400658674390124,-0.6652258456253823,-0.6669107117574051,0.4270673080580187,0.6214908645641134,0.11308294065230416,0.3822709101403997,-0.11650075379227876,0.35883710964072396
193,0.2782538193795595,0.04646109672744019,0.5452692848636174,-0.13822698892585286,0.2886023621394439,-0.20544218609374554,0.49196612370707427,0.6881189174427976,-0.3477503436596166,-0.040231080779063344,-0.1367067203824477
194,-1.2973444684195878,-0.47211969867130393,-0.20333111156954034,-0.017362229558879103,-0.6146113954327103,0.9290063235984499,0.732428376446395,0.24172325843341233,0.27882711395903487,0.022479610589599717,0.02383055635507433
195,-2.172332492633888,0.8996468396402405,-0.45284016133385985,-0.42278909020125616,-0.7313313582848662,0.5688288965561001,0.4539181921597955,0.2132109696139619,-0.10863202529207737,-0.1875052394798128,0.322846670841444
196,-0.26442024663910046,-0.2101689106237014,1.0063250658349125,-0.23214661806638615,-0.4511842000758978,0.8776622754331995,1.1528483280193778,-0.09131285094305336,0.8514786455180442,0.4375645501652227,-0.2755085132433409
197,1.5804905681970036,-1.4065989379515704,0.02655295668265167,0.493716729888693,0.32357113948476907,1.0444373453151903,0.25549445982216423,-0.641699614474125,-0.9343740915057052,-0.3094178362996935,0.04402296377004141
198,-2.420867970178113,1.608759779239696,-0.8532286156941223,-1.184115961919814,-0.41673775804024915,0.19739397832222816,0.3414665856592386,0.17522130966074864,-0.11903521311359436,-0.03131187541253603,0.2698371549987426
199,1.5777596594006533,-0.2714644885552758,-0.1815210945016339,-1.679363463654426,0.6361946857482598,-0.2599263879118708,0.5368595162059403,-0.4363427651800627,0.16628473132517038,0.07868269550155446,0.3414823698967365
200,-1.533133566410067,0.9527900012422598,-0.9007094564564724,-1.1666618252319954,-0.08841778590781149,0.17700346156122354,0.509304544458721,0.07612524436299205,-0.18230999925883232,0.012498648568628286,0.12839171401921992
201,3.3123525517104526,-2.4408170190749336,-0.6780278033819485,-0.5090107640110332,1.8457117929924987,-0.2963679540405136,0.25987196026081344,0.3586082192754323,-1.0792826620468892,-0.32262971457661643,-0.7691662037738907
202,-0.13863469795603758,-1.3689005661118994,1.1163385548628284,0.5693169649545431,0.009769575265862706,0.03476748692180246,-0.15905021932586116,1.8720989111085413,0.7246480255489565,0.57913264610146,-0.48575343638057
203,-1.574167255150065,0.31538037183536355,-0.7735581620598462,-1.328026726054359,-0.32954928798159205,0.30486471350140953,0.43977996332303193,0.24663947251223695,0.6168572776561598,0.21721558362475196,0.22831956266674955
204,0.7025093617963701,-1.5805805219738236,1.1931578621304657,2.191161934349772,0.16906825984583929,-0.8802534758459225,-1.3768005171503441,2.319726910264729,-0.9039302588517576,0.4417408340905299,1.5483115055730212
205,4.724506325051439,-4.117218705438758,1.1961710274495356,1.9001221318359423,1.5099902176207507,0.05709245093233565,1.7673859369936045,0.2254956981056364,-0.46245444971562133,1.5292886169010467,0.4013697126293969
206,-0.34599280420559064,1.1288965103471311,-0.9321043376729033,0.20981676382291597,-0.185198727370427,-0.43863417171599556,-0.7166602092165901,-1.0580316634786906,0.35742691710533275,0.9055286164725734,-0.1302799075960786
207,-1.1442003525139857,-0.5368702005169526,-0.9766263920595109,0.9620281719228589,-0.9799678259111425,0.14868160841577266,-0.6763887763543678,-0.5754893274913593,1.3726280660024517,1.3489149772827107,0.3005015317918014
208,-1.5950308797825938,0.3921738640371633,-1.3981412980084067,0.08807714529040048,-0.7231781262705558,-0.15335463258914403,-0.6862396449557342,-0.5464382618821916,1.17195978243832,0.915149412670451,-0.21570706807120893
209,-0.09207613538855912,0.6589356795603033,-0.9784418200883427,-0.06319924840187646,-0.2331485313891348,-0.39392971315753883,-0.7721394502418496,-1.0805756207010835,0.722116440316955,0.9461879685169795,-0.15190782935765285
210,1.7507909168311175,-1.3514624982955694,-0.13921124199807147,1.4919034962807811,-0.03862427581894346,-0.36665699991715095,-2.0203069699401643,-0.5851774889210285,0.37428490610642134,0.9171432306842348,0.42677816801312135
211,-0.3329894631854578,-0.4147486582941122,-1.0610329426737564,1.4763811907948334,-0.6621586006387086,0.4572258464844403,-1.1725524790661674,-1.1038325263782238,-0.007091044330247554,0.43901157184989,0.024428614819208293
212,0.09977789432012245,-0.4825614077793709,-1.0883756640158133,0.7711762599648503,-0.43391426706840014,0.23913642001455762,-1.1103841265187138,-1.1295166301898607,0.3910465299803357,0.547352119463523,-0.2488685926285391
213,-0.8163486534418549,0.6885878730209125,-1.4314648908400163,-0.05529707439802291,-0.37706039842829525,-0.22372848193929595,-0.9568353649769465,-0.9448875814548007,0.4234066449796364,0.4024864794258142,-0.41664704693117355
214,-0.4863029496900603,-1.2076352894225895,-1.7777079634225186,0.8600701137804998,-0.4283439231163033,0.41589348211259497,-1.2365133483659425,-0.7809493389359098,0.7520633728185425,1.0384400107622231,-0.18186423442547048
215,-0.37723778323228746,-0.38665633051273546,-0.7347089547421946,1.0003583505434455,-0.06231749723287181,-0.7912411628128287,-2.116758250336453,0.7741420386945941,0.18916383847947965,0.31373211391297845,-0.9395288648187896
216,3.41701148356631,1.338377677849703,2.040633155581468,-0.24683097688478878,0.2652507893206261,-1.6440051186999134,-1.1121781705345204,-1.185634286631824,0.8588486728622765,0.4397269721813473,0.12884246302491797
217,1.4007760777142915,1.9389161932226289,2.8562969474721407,3.0921274555423777,-0.8429454739128843,0.059726985815595185,-0.4712395519522969,-1.5892222988167517,-0.5323162345516718,0.4113397811263783,0.775045700813632
218,-0.5011085762070613,1.1453802925455563,-0.3391085796488985,-0.41578879489609577,-0.23223326786678022,-1.1757079950044769,-0.9574880712567816,0.006420072478237043,1.2232675002799864,0.8069793178227702,-0.49608812861337626
219,1.4099511522012271,-0.5147191578790826,-0.5326269568613914,1.7387938940462664,0.29798103887397265,-0.44295009598786017,-1.6663366242432103,-0.5346912170195876,-0.4116488118224392,0.9998158143587274,0.09647654079480737
220,3.5516279325910713,-0.8623116674626796,1.4297597228948409,-0.8268907397952945,0.4897256235605065,-0.9014809448971457,-1.323333508269004,-0.8029640341046925,2.407577413357182,1.1417082651752912,-0.9575676599166577
221,-0.18803511170519904,2.107711111322888,0.000858027852652559,-0.4539848573748738,0.047274297052541124,-1.3824298603745868,-0.9544002965951228,-0.33789055747993196,0.7681142021961208,1.0052367102905064,-0.48513491481087884
222,-0.7785365839587954,2.5317388427429166,0.6510860099588365,-0.888207569432997,1.2570174656102222,1.0013101730160059,0.19720450221557626,-0.4017674365250666,-0.5267116288052264,0.682594091590219,0.2922234982522802
223,1.6345826678989972,-0.5033968729348288,-0.7150049025048218,-0.5024187459195159,2.308835498211415,1.6273492301805599,-0.9575972088221811,-0.657171078119633,-1.4494478772236619,-0.12302609577342219,-0.21684768501529536
224,0.05172766607489642,-0.14058133887078175,-0.9039888712573872,-1.0185882066839147,1.9857158995297464,0.8946032866592647,-1.4003658528041214,0.76152417122487,-0.7053659321591644,-0.1594379353641569,-0.22766756980769334
225,0.13786768174796593,0.00833517742521088,-1.3785329665549517,-1.3368358937921736,2.0616287259484274,1.1857512455113974,-0.5442462764745186,-0.11418206588181229,-0.698868128587039,0.23823343699969798,-0.02884316063943486
226,0.5123190510290534,-1.337518594333368,-1.152735318807284,-0.4420870954191189,1.9016943961216575,1.1789018594497815,0.4394899944700505,0.32012231905955274,-0.42076490598244753,0.40059970446703363,0.19285291878097735
227,-0.698091825727901,0.7198617315111696,-0.513990743987613,-0.6981395577894738,1.9361913819369194,0.5202264506962959,-0.2335497822247643,1.0678385678979925,-0.747479142478091,0.22193996857286194,-0.3037394816761318
228,-1.088752560384138,-0.804526156266908,-0.17840560606409847,0.18987855373070966,0.8339993035594874,1.1085906507400625,-0.29134450380186294,1.3930452113299523,0.1225526782188425,0.26713695957826716,0.41321964380185605
229,-1.5831190440619467,1.0786633149135645,-1.126434419315161,-1.026683476014263,1.460169404867876,1.2679296325470273,-0.19839202712816803,0.21308296676925478,-0.6193631380741265,0.18670021041008028,-0.08077924065333325
230,-1.8273814057409274,0.25437978516170884,-1.157839701766386,-0.03235067524004249,1.1261847942099257,1.5926842092860392,-0.003337172783424255,0.4015164529558818,-0.7478001983093643,0.32242072754816187,0.23040573516826915
231,-2.7458945312280574,1.7687823493546222,-1.0757899119003298,-1.0675546707172163,0.9970365455019563,1.1664694359532346,-0.12080864489088694,0.4346373328243461,-0.3118008330274999,0.38472695121545747,0.2590314598555531
232,-0.13706417534988619,0.4425469278544834,-0.22005535332509493,-0.31012640252192997,1.3445113444005083,1.8582510886329424,-0.8277087161294341,-0.23462984382727242,-1.0654893368445753,-0.7559114111256676,-0.2850507605810821
233,-1.943633029879858,1.8141228067267954,0.34536956180104195,-0.5424004925257959,1.2748789363367603,0.08580151570086055,-0.9514348158114535,1.9520467396809982,-0.37592507697503463,0.3564587293981808,-0.058243073362773345
234,-1.803134923480228,1.5776249209317663,-0.7683137154248701,-1.42572748495258,1.2806226180582132,0.9206965548276901,0.14074930381054604,0.3021640687166226,-0.053252889919462774,0.5439564595749753,0.1986547478797787
235,3.5990995091126203,2.371049281921739,3.5358961870962577,-1.1226673633281348,2.0788741847675727,-0.03665671459317038,0.17659651832712223,-0.5921988433076745,-0.2537916928905218,0.3357063507702179,0.06869246249305996
236,-1.771564538194529,2.675386032332659,0.13222359178562443,-1.093885960990746,1.0531505220308872,1.0073248573685696,0.05745816001126348,-0.10744968971512345,-0.38224970309459677,0.5909995399038299,0.29262973755256644
237,0.20263750241600645,2.582207873404401,1.423754919892526,-1.7243258204719532,1.22219201402381,0.6173624393385254,0.243734598535695,-0.36100430348876633,0.23423302767846244,0.07195996036480365,0.2070642537907085
238,0.36771828566662695,3.7282469971876155,2.1290631716748316,-1.1833706928281307,1.6963531643180605,0.07851578642280482,-0.1343357985694687,-0.07807142407960437,-0.6216583932902834,0.7530171596972326,0.019375671723817624
239,3.377470819083128,-2.0400706069662746,-0.7867160882608379,-0.44931011705283086,2.8359836616769507,1.0988203172673796,-0.13555228856195484,-0.5201850477710539,-1.2048691384634185,0.19453441122785325,0.167616249895607
240,2.5711414482782287,3.768274804683151,0.7557185266622217,-0.07443056768451418,0.8851537539873062,-0.3081058430923918,-0.4164435898699444,0.07074833187267261,0.4585799753324462,0.6989870670933277,0.256205215804332
241,1.166629975818453,1.7309372721824594,-1.6522127101194575,-0.42000011321792025,0.45143940369021834,0.2661465410959453,-0.6386996689299818,0.1943763219641152,1.1016349493574231,0.41794686362634204,1.1360559815135343
242,0.3202125110567571,1.067203587505141,-2.1187822941014565,0.8613020716107119,0.31104184473375535,1.3366803963163654,-0.19049909509671337,0.278292287203802,0.28935775551622256,0.3569405312335312,0.006352720428879439
243,3.4350470134383593,2.8099109034070096,1.494635603992637,-1.6502562947134334,0.8520719074639246,-1.535764862506606,-0.5691796730256055,1.7725926330935646,2.2955543595505996,-0.7319697668398909,-0.275753465515254
244,4.542585037195371,-1.0648371187532812,-1.8970056318697934,0.6901449945989233,1.9912262366764943,1.0210623125720675,-2.1291153336497386,0.185634197150427,-0.6340687213431226,-0.5685899123441567,-0.7427559989162644
245,0.6489638470873386,0.03732661294466847,-3.258826781379932,0.20974676957941665,0.8116526532252029,1.274309631744668,-0.47072433856409635,0.4612376935832434,0.3300367378444666,0.08315898449781291,-0.3149332556137114
246,0.9398140955353873,0.9618238292688709,-2.4924662461209453,-0.15315368310278574,0.749182033828196,0.7469235409621767,-0.18082230213074613,0.3618205196502695,0.6814690895202823,0.34247152225326155,0.12073039478430352
247,1.498956954590741,-0.3772723701159773,-2.20193003867153,1.280881681252129,0.8961343715721594,0.9587530615166553,-0.7412844413065867,1.1674648222895867,-0.03768370395450765,-0.014442457200622143,-0.4160224912214722
248,1.810175753353601,0.45827584701897284,-1.7914222610754196,0.9783076324898409,0.6965391322727661,0.9835181916540728,-0.19405920297822274,0.12642608462997348,0.22509469522985634,0.3873112422903298,0.5052727105798233
249,2.518050050852151,-0.44480175284614293,-3.095440076263782,-0.22300479734910894,1.4657262717443784,1.2746523115401296,-1.1083513719518876,-0.053537924724958094,0.054680148415213216,-0.3355356281870937,-0.6084684012571165
250,2.5091304001774404,2.445131579646579,0.8779488033061619,1.9021808552756954,-0.15654199730527485,0.4834105393113666,-0.538549265195559,-0.7965199670288978,0.34766871070786726,0.8347799431906218,3.1011194278162546
251,-0.16812999527061895,2.3024719268308544,-0.08530411155416465,0.37547148129729496,-0.5363467946178341,0.17143999066929985,-0.19341445150434078,1.6141437185665366,1.6580777128234918,-0.3940397909941864,0.347212610441892
252,-0.20504407740721858,2.598247408197722,-1.1141540113671502,-0.7417585365315487,-0.2604535330661348,0.439122928340303,0.0581408322920099,0.645613419796522,1.7732740059171763,-0.1527025198313277,0.3237192741237451
253,2.4398108571718886,2.82034933835404,0.7063794538654488,1.1337107446332164,0.6711202369524429,0.44505444472233174,-0.06658471195807203,0.14087541403644102,-0.05902665651947246,0.2797176611992544,-0.12800731452462738
254,3.0405899511680197,0.34949016195250804,1.900565127120105,4.686854615667613,-0.4250905232389064,2.1666751393622232,0.41184794947347353,-0.354311794626082,-0.552033330315621,-0.2087776506937963,1.5352178647116155
255,4.178221856072217,1.8563206878929972,0.12086161116404884,-0.5296137902175778,1.1504947942767265,0.33779112156169255,0.2625153755310341,-0.7809424054207372,0.9531583389131505,0.6548594295745628,0.030251790172994154
256,2.100400447283232,0.11775158203879144,0.9793054253873539,2.8513720793226103,-0.6805706151182233,2.2474551617635967,0.6913748260687322,-0.3234253359701957,1.109774818480159,0.1390075449766568,0.9080958625477531
257,1.329594952221608,2.514870974396004,0.9393512018395012,0.8234631710775036,-0.2826276579406523,0.2239992832173538,0.013872624479974772,0.9550939343489585,1.2239641286931786,-0.3492543406071782,0.46277192890265967
258,9.288328117855267,-1.8278054494222769,-1.1459091775508468,-0.573923097532047,3.259036811133299,0.4234245618347679,-1.6621587784488556,-1.631746430180157,-0.44227564769873784,-0.30327663522693876,-0.004052238326308318
259,3.5363946627012854,2.417921830501563,-0.469760433406927,-0.36984367435850896,1.4058684123572747,0.3911280963775482,0.05092431301929415,-0.8121274981783668,0.20335928576015083,0.6523894250699159,-0.16106944897028103
260,1.0402382268642507,2.7178414064426257,1.2390429475214817,-0.5458371055408172,0.2700534134709439,-1.010596106205028,0.05541016257085999,-0.2657619658851221,0.0471085184383333,0.12302697972470772,-0.42404633735557595
261,-1.3056949894502297,2.3157459030490064,-0.04944977516986835,0.06757702837359258,-0.36398778686758326,-0.6361150926190943,-0.1288222577919493,0.48504154215408274,-0.1275003362154794,-0.16526962346677487,-0.21381879147355337
262,0.3113588517155787,1.1037622390323885,-0.007933904116730046,0.013707985774248886,-0.057675536331631305,-0.8274184887740377,-0.9129662544301127,0.31484957978775036,0.03780165335519728,-0.2867968680041332,0.553299879096884
263,0.8028899860449373,0.5116924037998891,-0.25341887421403964,-1.489638308599041,0.540261763038519,-1.81121191792022,-0.7855693787863719,1.521320868883398,0.9926963873317866,-0.5586409615104635,-0.48424698535988664
264,1.9840251982179098,0.27015478236138357,-0.17012175545236405,-0.5999618266724388,0.2589783504861884,-0.7945146375150156,0.4727837169599507,-0.7008344327197368,0.531726038812425,0.3559084537772298,0.8320876892723684
265,-0.1363422479561399,0.8809990044299274,0.1596145010842215,0.2593416121165795,-0.21599545082369784,-0.3362029560397231,0.0028902736327762876,0.4969577325703737,0.24742586005125675,-0.25130945978085467,-0.5370402009987237
266,1.4889819040530563,-0.5167375232581034,-0.624979958861138,-0.2097856056777264,0.06949402340758223,0.049285847337333544,0.4506651076513497,-0.5493705466148023,0.3520047784662265,-0.16789323845500775,-0.18436734555181641
267,1.9102038874918534,0.7927328399284831,-0.7456878719474964,-1.1869037847219728,0.8035266875804438,-0.18316758817634518,-0.16822543202040757,-1.0102251968670033,-0.30000819235507903,-0.6830806628993947,-0.9136602391106962
268,0.2762766376223921,-0.22152986448875148,-1.442621457701321,0.12548912688084612,0.14051021789699963,0.5473802514602192,-0.15281303286046846,-0.44761471000823705,-0.4740625936968572,-0.6956511116400054,-0.7815526374728358
269,0.5965062371699359,0.1556736963811979,-0.4901094781330446,-0.7407198617342012,0.12222136248166263,-0.7941886655854823,-0.6505575157021776,0.5382032997459351,0.7408924993257188,-0.3202009226391672,-0.03906062765048662
270,0.3875362592403874,0.23345088098326874,-0.13120615858273837,1.1755812038154958,-0.3697995923435708,1.036144258453651,-0.06814731202989316,-0.8287099949626663,-0.6991895138425759,-0.9041925406555645,-0.5473068986691227
271,-1.5159811903535374,-0.5666269982242966,-2.079389263980442,-0.351186508189232,-0.7556133746738326,0.11291964011378873,0.014271255365515956,0.3495451373094286,0.8564522680543456,-0.2220431128091631,0.42739270056692774
272,2.79380757891077,-2.842775218111628,0.0961464161817893,0.4722604386472771,-0.3729274443332761,0.4779398656783872,0.9460099284817267,-0.5261802315311294,1.491013021122666,0.44225623615793935,0.25958668267146234
273,2.988850960541011,-0.4056912284415264,-0.007491627281221595,-0.42182575338283856,0.6287140498765383,-0.3789041095633244,0.9451300875362535,-0.8929991229424439,0.14426166708655622,-0.1576102379684959,-0.3383883252137073
274,2.8210636083523704,1.6249006407199575,1.9257939079909066,0.023087735869802128,0.037840756527609015,0.09942356831427024,0.46368154750023965,-1.5967770922287028,-0.014862777555614168,-0.5336629216475376,-0.3431942612812804
275,-2.328236378466565,2.218442334149713,-0.5737988466212172,0.5567426171054869,-0.9951000709270192,0.36017284755250945,0.24976600664899354,-0.2488245618239376,-0.2210533420258361,-0.15123065517257486,0.0744449922181027
276,0.7273992176446291,-1.2687325929936586,1.2003654100468373,1.3161094126401598,-1.778365189137534,-2.4400669990328536,-2.061923534900844,0.04950878676630777,-1.3052280132331096,1.122967680246615,1.0936225836170148
277,4.0212142086922915,0.18888830211796587,2.006154783519195,-1.0332293501518617,-0.8777158806093049,-2.3473345981405416,-0.8650590400114618,-2.7723974562500313,-1.0121789751905752,1.1913498908487052,0.6419350072534883
278,0.24209621489280178,-2.4077412822890203,-1.4421090870578694,-0.7639922964292507,-1.6752833841053174,-1.1160147763866541,-0.6607259453538744,-1.2713468697265735,-0.6503689747878554,0.8848612463208498,-0.4794056563253573
279,1.6673685855142124,-2.334622198024467,-0.781602820993902,-0.717041666133845,-1.335509302137092,-1.249016015878613,-0.8904957027318021,-1.7275817172996326,-0.9243694743593095,0.8162999729327157,-0.3374596656317644
280,-0.7620168489755531,-1.8255193963396998,-1.1294311231914553,-0.13374619801122573,-1.7494529395811438,-1.5169911614581264,-1.1151890066359984,-0.2443920201505463,-0.9703092413452279,0.913032250875113,-0.6379820042920489
281,3.2361927500748897,-2.1403070230058567,1.5935159922578914,-0.15490478647234418,-1.1101271699530793,-2.3827698439188603,-1.4221520558928593,-0.34615466005134676,-0.7460255103343388,0.5350394230234302,-0.764691636208979
282,-1.1672109875221712,1.2123169804614413,0.6505196920762178,-0.8038744162824244,-2.128240155764095,-1.342722023100731,-0.06183223246672411,-1.4959798848633628,-0.6648436561776593,0.8805555865716077,-0.9843595602636702
283,-2.6478532278162095,-0.3285628587262869,-0.9030501112023136,0.5271920365845291,-2.4736965195769227,-0.4616060729613272,-0.5896984487662214,-1.0189733948557729,-1.356726687966641,0.704337287611683,-0.8720545313648382
284,-0.07881896905163599,-1.4666104482310036,-0.8088543778071793,-0.45377182822627593,-1.7396154309053968,-0.9713911619586124,-0.47997272486529474,-1.406970350638382,-0.9604987285274932,0.7812464344777117,-0.875944938463591
285,0.0867307771097537,-1.9370367858917141,-0.2112553903415728,-0.033065786935137356,-2.2381103902145085,-0.8869331264683885,-0.13210646711130755,-1.307197632027334,-0.5255134902240995,0.7499710212667913,-0.49021464564932055
286,1.0959271469608498,2.876312480065221,4.9763751200747155,4.0691688664503705,0.8538009695451813,-2.7026077086426024,-1.2268620978463722,1.801983152040691,-0.24235569370703633,-1.3154974462927236,0.039716378465042314
287,-0.42017945148044245,0.1642786779610068,-0.6124209255378754,1.2253283513449618,1.604226219026132,-1.829924810503478,1.2137576324044026,0.29168203483910676,1.1533109742636316,0.3451086101604849,-0.19660338497560118
288,1.888138158950308,1.5983463865640766,0.51611696936813,0.5027961870531413,1.7187684337114513,-1.7546029901515943,0.4412071362419097,-1.8642080622392527,0.7746172877217525,0.33144136362133897,0.9796818866894091
289,-1.3802156532831775,0.29261664996868875,-0.6616816619973279,1.4244713677318603,0.9299289378203185,-0.5630759509587272,1.1351351898536264,-0.6115372744641481,1.515020250119928,0.4666046070288443,-0.2601879379695708
290,-0.680409027598563,1.1368857092677607,0.3754610012180511,2.4720810598530427,0.7582532876540304,-0.7662227363808827,0.002950880750054135,-0.5526181720651768,0.1462416467742595,-0.45253581273720794,0.1903919091889071
291,-0.09831838024961437,-1.5817645789763501,-1.4385318765003967,0.9840757897518128,0.8410464373198954,-0.8457351870072474,0.8729393165098094,-0.5180084140843141,1.9260120635603606,0.20154779417512667,0.6135818512938251
292,-1.061451419841681,-0.23472150950023163,-1.5576821518461255,0.506092301786408,0.9890110626415592,-1.0135422196266988,1.3719904406531147,-0.4646548974530824,1.7202949858806231,0.22610128632206972,-0.08063454028468127
293,-2.237843114336325,0.4986787921761358,-1.8418511182507065,0.3664167333509989,0.5387153479340813,-0.77588586210262,0.5696723497527281,-0.43337940067086933,1.5659746491928095,-0.27605007311869095,0.013218865427852562
294,-2.1815998433618753,-0.4341274651701444,-1.8696568265089053,1.748618052827814,1.081983749077432,-1.2042720132638358,1.1188456722633247,0.7288480414846545,0.8913366390257204,0.22479425675675008,-0.3860826666356067
295,-0.9675533329653896,0.28800916065803156,-1.3055164262561687,0.6112636212662867,0.8028744703839769,-0.8890118100442331,0.5559824775190382,-0.7917744670947053,1.3721902471545668,-0.08915143052378591,0.28111730441256005
296,-1.5841209509471956,1.6487551405929093,-0.8426707156324789,0.6631804952247917,1.1993254483667457,-1.6084639778289211,0.37378606071545495,0.031429111576228,0.8840217013740627,-0.02452503849124302,-0.3335582981420472
297,-0.9376401929931035,-0.5673460536212436,-1.9320975518542585,0.4635855523255121,0.7115043160254397,-0.6648358427544964,0.23422303236049283,-0.6803457179415708,1.559223466644093,-0.2237347565365608,0.30941593670324163
298,-0.33691168169918545,-1.4637514817140789,-1.8936390343109673,1.1533750143085304,1.1008079829649051,-1.270512177617708,0.08647861080278453,0.26843930593603715,1.2436023803253986,0.03080678940438524,0.39986392380934604
299,1.4115257173451026,-1.431165978049136,-2.1153816232935023,2.8899253515737793,4.4028996648953305,-2.952508377297889,7.109733042708024,0.30817465459738275,-0.7456656293860271,2.6431320725498906,-1.2453685503861116
300,-0.0018009495525337508,-0.5746005796365629,-0.5479418857700066,0.9321864091075044,0.9122207598837102,-0.6877304742486848,1.1561261037292623,-0.8039086293098314,1.832872517894086,0.11992257422421619,-0.14811034929529418
301,1.6613593867581222,-0.40050013732811285,0.5836385401236625,1.255755246016557,1.50497380184832,-2.2973215096934423,-0.05454231050844904,-0.12175144489593417,1.6368673956232571,0.17347816602719585,1.5554034447094862
302,-0.3974720958817569,-0.8866341411933305,-1.2953922901573813,1.2954412289196369,0.9525088985681619,-0.8610354225451544,1.3928702887984117,-0.6103971713374168,1.3948421506082027,0.28355169269366615,0.29076953707476316
303,0.5930365450507383,1.8607339621990906,0.8216010408995159,1.1449490065633152,2.08805331899524,-2.0639118515381862,1.8495691756063841,-0.367798213494834,0.7070150670745575,0.5898257091147018,-0.8227156530083212
304,-1.3506579836174857,-1.5054267341969245,-0.7885421181223543,-0.4974776160838451,-2.602496144488002,0.6305370247278552,0.2339862565185063,0.5896721233332085,0.8590338589360004,1.1435309472443824,0.12753360063278857
305,4.697583138785446,0.027070689593193475,1.2457174141465563,-1.8060629375507602,-0.43957572390871485,-0.6710781329914685,-0.5858244856791185,-1.4805775745700418,-0.5766402831232833,0.7943586099271671,0.2678708788153766
306,0.9731525774299642,0.26756792962956993,0.1783484032060157,-1.3556005341122415,-1.4002111678594305,-0.0123851635419849,-0.01870522857146858,-0.4774169902406228,-0.10991846968914872,1.0060735437451769,-0.32091279443623605
307,1.3999233124665869,-1.4413371935198893,-1.2684627433809128,-1.441943455617223,-0.9079325973551239,0.3254940961544763,-0.6726432198516532,-0.3359022470246744,-0.47078646441460464,0.5339695358502612,-0.6537583933125564
308,2.534666321968707,-2.363349499413457,-0.8178587988292867,-1.3508033452157153,-0.8923872518306316,0.5883181633352987,-0.8041947918666216,-0.5328208935634754,-0.14633113278485982,0.49350554400475416,-0.7756161764769332
309,1.371777677431947,-1.6355688959425252,-0.8604267275563906,-0.470760399500202,-1.2187852859254724,-0.5138746353730418,-1.1488123181223162,0.6188785812841167,-0.8143315120786039,0.6048399773959814,0.5368308722329402
310,0.23610576952244758,0.6699273619156371,-0.3783442786578087,-1.2541322386839397,-1.5234069620633481,-0.12479505831725266,0.005251380241087478,-0.36009564931173976,-0.6400612516084893,0.7239797189783383,-0.14151687109494435
311,-0.9638226139614562,-0.50883309038627,-1.9157722657157883,-1.1969911193874376,-1.6162433391118183,0.1609872878900643,-0.35112501249166783,0.23594628347073657,-0.5539076698832162,0.5882070108975602,-0.12202182542363196
312,-1.5409767940079946,0.30442823658588364,-1.3286879743796756,-0.748942372908555,-1.9393612134874525,0.21662890277502891,-0.05229331422915269,0.20670281961395337,-0.6934663972879629,0.7040761079401583,-0.08202881179156392
313,3.19810602060522,-0.17708050238363854,0.9774243040563553,-1.3300186201069517,-0.9464432744006974,-0.21314023996534404,-0.09550320682167024,-1.0135004429268137,-0.3530449180389615,0.8034667444314944,-0.15983222641053438
314,0.36074093835635124,0.2933078329508232,-0.834498985933602,-1.952729981961725,-1.394410978838281,-0.4963633371374826,0.05844424879399114,-0.16802584915450833,-0.12972748013669946,0.8731524050226442,0.09374849249975643
315,-0.27076510240300117,-0.027311040626607455,-0.16652348838983716,-0.21023404909686097,-1.7021160802483941,-0.3358266131897651,-0.5021250992261304,0.7673454721409478,-0.7108523740844918,0.8411110899432729,0.027688694014277482
316,2.0010257052682703,-0.1681287950816126,1.8417651460967956,-0.9817435636968893,-1.5815597767887013,-0.48927460792219346,0.11676354804186785,0.2656465668744895,0.6104939848669078,1.1156024997025598,-0.4428418688544138
317,2.2259406178503984,0.13657163603492806,1.787941234413237,-1.0110889252263928,-1.4882158807714538,-0.8669740262423867,-0.2771663144379429,0.2498294599264567,0.33617915706470186,0.9069988977665651,0.20508641183850929
318,1.089683964506967,0.7047046259381571,1.4936010165733629,-0.0019950419370612003,-1.7919275698018597,-0.4080550880095197,0.07507901553660702,0.18712657353613898,-0.7524556337681898,0.5601195767619161,0.042619023534711746
319,1.6250224932616333,-1.7671164078920718,-1.0366184169250667,-0.6094078580856732,-1.031265942077885,-0.14111877220743813,-0.0271204342293914,-0.33691742720955464,0.9866461057287351,-0.41660034393970685,0.5564355312480019
320,-1.2534201385610764,0.6298093391163745,-1.6251395845959145,-1.9087770421300445,-1.2447675641243634,-0.5926641260610903,0.44700277517102754,0.21958522941007877,1.3999910708424808,-0.43238398170072045,-0.08748000974914198
321,2.703456263390052,-1.500405285946233,-0.637812630033345,-0.8181294157507804,-0.545724321070675,-1.6190730194855452,-0.8176028990729607,0.3645006175441519,0.8127027345119118,-0.26376281440674637,1.6948241098620982
322,-0.41071103056252123,-0.5498549278912975,-0.21263998199588635,1.544204605443659,-1.8520609892973752,-0.464760576538378,-0.4027478594142957,0.7152009663502092,0.0363799448469679,-0.3328521849757868,1.7178642607880261
323,-0.47878100276489194,-1.0607799745825859,-1.759252594195743,-0.7688170574051967,-1.3766991660077752,-0.29616381186626306,-0.11395065459539565,0.21954482266024558,1.2323773068996062,-0.20245139621494868,0.8829369189818008
324,1.704402489187291,-1.262062840909331,-1.1381804780459637,0.024012362498838164,-0.9052428494045611,-0.19036973202195384,-0.4997509189785385,-0.5995447224152287,-0.08725792511051456,-0.6574867630933998,1.0496891355667095
325,-0.3247095519221167,-0.07049611790999515,-0.3337740604900356,1.4977307665833093,-1.9068000931820213,0.4745604813668905,0.16162488466844896,-0.5168062892280958,-0.42574440733783264,-0.6728530618033437,1.20796134484903
326,1.4155156723226057,-1.7114499782340404,-1.764154647529574,-0.4170477273962667,-0.8880055804214423,-0.4784563056366593,-0.5565913969512603,-0.31275617212686524,0.3904366865400767,-0.3659808362820301,1.4755638876780908
327,0.6572325903088075,-1.8710614170904307,-1.7646711751824924,-0.5328026972198052,-1.368351834047561,-0.4402212498524586,0.10572495353405265,0.06944221610769268,1.016380549214716,-0.31927409525639344,1.3198525378212327
328,1.182130295787533,-1.3848395988783588,-1.0371446199810248,-0.006163247114976863,-1.311964769568462,-0.4534778863553745,-0.20752290877727272,-0.2611316575296711,0.6126415459352661,-0.2712988673005635,1.7073019983513347
329,1.9985700169157163,-2.571614523870318,-1.9752031128732377,-0.46948098685531753,-0.9189918298794912,-0.6588221029255046,-0.1938862266436552,-0.21680845337375196,0.7121367444101924,-0.09062925461455837,1.8651907391354807
330,1.288835684434396,-1.6295716706659373,-1.2949812279758968,-0.25243025439718936,-0.7653670730029226,-1.5529632356224896,-1.4330873514452458,0.7764271149449561,0.7830174017641144,0.07155223211061389,2.487944441718726
331,-1.43150727306289,0.6313848038522787,-0.8915621503558883,-0.22946477416643624,-1.829907793707517,-0.07154760537236611,0.6184575144870145,0.07783696258638614,0.6349938443737766,-0.47461541259989176,0.2439221312415029
332,0.21009580292230942,-1.0248861984414006,-1.6870856237879004,-0.12907108752125526,-1.301969920231125,-0.4009947848762081,-0.12007998001885573,-0.04192096153967806,0.3406762960467864,-0.41948295849092293,1.3357932022166326
333,1.4660088331134533,-1.1140393278128469,1.7260656515197408,3.392328417483157,-2.342930498461541,0.024399841172523983,-0.13737975458546142,-0.21141437287809162,-0.26759870357098386,-0.5377249951623588,3.462488607961857
334,3.1269501956823293,-0.8095780092690754,0.32250314506954614,-1.4899011165234763,-0.24099533225433872,-1.0984541698304937,-0.5739806448756236,0.08597987967360195,1.1895249427345664,-0.6516604936400275,-0.23225214843682207
335,1.5740023142970057,1.0240907228257716,0.368755478278234,-1.9586319906297325,-0.5342766078765477,-1.4872958596715284,-0.03759436632807996,0.31278105122238264,1.097874402538791,-0.8426407201532938,-0.4290110436863609
336,3.944720127166345,-1.5580846749560089,0.08241671758327716,-0.6728107162690772,-0.7371198905051674,-1.4399774788700097,-0.5626013280873718,-0.8163148426922485,1.0878415147768887,0.1004044517916845,2.935745883917992
337,2.4446083067307987,-2.2698760628627936,-0.8408231910078948,-0.607116832580652,-0.9746530543161018,0.07197115874761975,0.05543811391360091,-0.5103109407084696,0.8496540907816637,-0.9147927775628832,0.09375419406658561
338,0.8597607449995213,-1.6714086729967168,2.4717143530174495,0.3454404019714944,-2.22364723334861,1.6265286838148405,1.036647867629254,-0.2226263535481582,3.440127537579549,0.052727786761471954,-1.4930207750270974
339,2.525186153505256,-1.1301253152931352,0.374190561387346,-0.11425402939309408,-0.7664429291612203,-0.5083608930265808,-0.3896964097067185,0.08977349550572404,0.5009345191677519,-0.7882907069838836,-0.08761285094845929
340,-0.20464961648748833,0.9585990830585088,-0.7489401719248118,1.8374770961911633,-0.16315085311917105,-0.573747170617077,0.07503644450653704,0.4377593175006178,-0.4917167445947963,0.672606836915501,-0.8304280319921616
341,-0.3579412358135419,2.3217310256616326,-0.7156611865482964,0.7108585184773726,-0.633921772452454,-0.39502668126692697,-0.1864825602682644,-0.7968711255952821,-0.2128603725105918,0.47098895894569737,-0.1425113682128543
342,2.099945402773198,1.1160315732357893,0.7248302318524845,2.3304316087333845,0.39552146770924446,-1.2494454460731965,-0.7590473331503123,0.45415545099654764,-1.2243576431789398,0.2676362986134864,-0.5352708665553928
343,0.003428842274221037,3.234249181044608,-0.6799742033777407,-0.6969913414703052,-0.2005749692684958,-0.8173628156638718,-0.15055027327123607,-0.994234287542669,0.1495899302865906,0.5041874199495393,-0.7379346331592747
344,0.18550694107230423,2.759793840473523,-0.09993614465912024,0.6687374878190243,-0.4895077296706794,-0.4974655912738943,0.25477310098698075,-0.9658774810482584,-0.20678701450391687,0.5770998171979154,-0.3862549015764026
345,-3.60992832919933,2.211984557846052,-1.0023402123462233,1.8686750025182841,-1.3752552367368267,-0.6597870668504603,-0.9515310498043633,1.9151957325702713,-0.20188986008066867,0.0282723156050509,-0.9589908235753033
346,1.5567802036940805,1.4485912319456922,-0.9926229279730936,0.03281010933822028,0.28313327753346984,-0.8849847952748581,-0.10295192264378403,-1.0316452046585631,-0.2190396044510991,0.6797903801180382,-0.2183593452367559
347,-2.4777037529595645,2.628320853979441,-0.7463869905214806,1.3840344496572916,-1.1965254148454,-0.32713264952173043,-0.46989913943378986,0.5340384215441397,-0.2610812832161823,0.20666551762731333,-0.8000377962655709
348,-1.3044292927208865,3.0055972313634696,-0.6025484205150164,0.4410434771344131,-0.953293584029747,-0.21161209600469483,0.039982228100000676,-0.6709611649637096,0.0022603388894269555,0.27753185137974506,-0.7018252682061251
349,-1.1161357890786687,1.7716509593184313,-1.260584295387303,1.3657839966484278,-0.667688469396382,0.15298259210660092,0.1276713128503438,-0.5316646306947118,-0.5847421301217077,0.3414052694435796,-0.7934160747622704
350,-0.6287171610880946,1.3423685190947352,-1.9246318720074576,0.4087218884472146,-0.14329353961728916,-0.2466158112437411,0.09552725030574491,-0.42404106940920033,-0.2664856968179968,0.4380664794890603,-0.9946181238417469
351,-0.7023291795713732,0.6506355690666737,-2.210738429787757,0.974723574363168,-0.30103239780001956,0.08534331638379734,-0.1500495765165825,-0.36019828099312473,-0.534365381461178,0.22103228723291837,-0.8832419724945424
352,-0.009178595833390799,0.269888334134434,-1.2734890511362782,1.8464215640321835,-0.6629279702304411,0.36107047616463867,0.274788203672,-0.5811588315136806,-0.5209712354903009,0.2676724475316924,-0.5583679065099514
353,-0.8693395348795734,1.652414560192523,-0.7471777767305393,1.7208314124680537,-0.8500979990678994,0.36684676439388086,0.39765785843827844,-0.6625482780032647,-0.5441899211205911,0.2398258087770204,-0.8226399436339795
354,0.37502378354015625,0.8135628018158232,-1.5952313171537633,0.9118547609494184,0.0745466872969752,-0.014963930604386362,-0.007226304297395607,-0.6871340655052328,-0.6109469997873772,0.3691450409183315,-1.0946250260532768
355,4.261735583397655,1.720069684414383,2.9672888489268123,2.5850280577194766,0.7249547566456612,-1.2894250515866799,0.5244644667189542,-0.2867192948649153,-1.0662024147408198,0.32647996694423265,-0.9948180481141043
356,1.2045957054799772,-0.06138507259027533,0.09665077374008527,4.868510360349867,0.0626048791169549,0.4026395406611395,0.8978780587519899,-0.3364807956779471,-2.50558813657259,0.06734693427789168,-0.2387055361744811
357,-0.632491215201006,2.142952423310845,2.675303358120831,4.544477528819738,-2.528491410845025,2.1156734284471006,0.85385114857991,-1.8846195184682468,-0.4391761122095698,-0.5041350822439653,0.6680590035897198
358,-0.5100922660923529,1.87540518227356,-1.936309041137957,2.5958403502676513,-1.0742113953092214,0.49162085963998015,-0.3466243405985386,-0.3606249785570782,0.4700423252837124,0.13973222763188367,-0.15647971358017562
359,2.204066606990732,-0.32379332670654726,-2.652441296072717,2.450940185374696,-0.1863785308468899,0.29515701123192517,-1.5878150939999527,-0.7537905197433983,0.1969174445902372,0.16688025617504074,0.6211097011371767
360,1.3754228228117096,0.4577149618455252,-1.9936129926931474,2.8806992925546453,-0.25335248179878994,-0.06516929121719459,-1.59947217854767,0.228515021083067,0.06255274310680554,0.12167626984922571,-0.010722642840148969
361,-1.4200279409652101,2.0831869443946025,-1.578481722965617,3.0256805857499476,-1.1743937526030173,0.22381289139348423,-0.7675609799150367,0.6963236766853678,0.4952526971800101,0.10778944998438245,-0.5817856101784402
362,1.8963970256094176,1.9729689575389298,-0.8788029239639955,1.8242468985159632,0.20436434544003312,-1.2551682756665865,-1.8011969142447646,0.789151562220182,0.308057823553881,0.08963210663861444,-0.5731707541602069
363,-1.0280265212295596,3.6994736680815086,-2.0857178409804287,0.642818927548545,-0.62845298617377,-0.33732707286622166,-0.17110692288744014,-0.4144184916445867,0.9806526168966767,0.49034085846322994,-0.7412468406324616
364,0.6149099145164378,0.8752034879463276,-3.1317282820652066,1.6692931044383899,-0.22781822108820685,0.19814314754956286,-1.2572363065476597,-0.4813245784866113,0.2793814294456071,0.04433669650390673,-0.20166531544331748
365,5.993066589019559,-2.1176245696762495,-0.773864197330421,4.1384586581210705,1.1269057826118618,-1.2895291467300172,-3.996972897575724,1.0227597137391011,-0.729865007254205,0.17266089199816279,1.1999086470934204
366,2.456423813940948,2.5125764364566354,-1.044639660946087,0.9514261225263791,0.4002150558936141,-1.1444235013825574,-1.3812039278601833,-0.3245766133410101,0.5096862161546587,0.41571869277469725,-0.3033091057223282
367,-0.37686123469252303,2.8862557105939723,-1.8401190241372107,1.2421685805153075,-0.7642565615873922,-0.13200602578435033,-0.38057370921058853,-0.45547026843813804,0.8969926757380254,0.23998998234723154,-0.40947035847309976
368,1.1214400625654295,3.9171839488929128,-1.055394429872696,0.06180459773516385,-0.12472157492922264,-0.7475671500386216,-0.17140946753817207,-0.9956694666297271,1.0724925577511715,0.360622582807547,-0.7842116494694085
369,-2.9565499254535883,2.5192992043692564,-2.392396260751475,2.509298008115345,-1.8147751996411565,0.6249611909653834,-0.15138141126669838,0.27567970448222157,0.8448583464053973,-0.04867449066595519,-0.3660410264648312
370,0.6352137606847863,1.8078471928567545,-2.0068093438055827,1.9881378503294835,-0.5191063368530654,0.3914073849261425,-0.8095954314448721,-0.74648236867747,0.18569201479743844,-0.16178929493129932,-0.5771969729386529
371,-0.5697224819310182,3.488513330567949,-0.43803273076702326,2.2415314114189138,-1.0820635641044036,-0.3674061413977765,-0.33551502809631134,0.2162237148580273,0.69030444424166,0.13668731748800644,-0.5250156071867425
372,-0.2023779913134751,1.3445928140166998,-1.7968300830385588,1.9632312443770021,-0.8802807427706303,-0.3184362505973272,-0.8195198410821226,0.787924104096943,1.057037751023869,-0.20482693500640822,-0.5503903123632339
373,-0.6299065791156616,3.0895213569986923,-0.778300109760854,1.4906748717523954,-1.0654612128913157,-0.6699339084378354,-0.43077296602667997,0.6641243031206697,1.28840554814249,-0.27260595059189807,-0.7213339805012107
374,0.09518876769660779,2.5490875306184337,-0.1406475746360834,1.3735420578457755,-1.243350257085184,-0.6876950417581976,-0.28042455370343555,0.7945952888523485,1.860438096434241,-0.7956630210166351,-0.7862065727718247
375,3.9376026981513226,3.2235197504980584,2.3651285644563314,2.1788277556165783,-0.8086363982900708,0.07978095301477335,0.4396260682086668,-2.133034888991148,1.2948475547541636,0.256747940411877,0.22612091042381152
376,0.9871319408185435,2.9506325910268845,-0.6216982267052457,1.9282932816826148,-0.7284870298046311,0.09422947242997458,-0.1256276310476721,-0.9557548624964599,0.5914947708528033,0.04726518365946765,-0.39757162378072664
377,1.3000634519558045,2.215944955827136,-1.1636169497298527,2.2942011372092894,-0.5263935334723103,0.16814419852070311,-0.494843709296402,-0.9797236606749504,0.2847188702749734,0.3086787929400166,-0.017429695941601608
378,1.5692752471154088,3.6772153497986277,-0.129820251271311,1.4241768699962454,-0.09154231482362757,-0.8673705379136726,-0.5505040211043318,-0.36665522058574457,0.4445026561083683,0.35066477123723194,-0.8107766777292441
379,-0.19689758115454423,3.505726205706674,0.06821034785597535,2.4334120617540687,-0.8175690464132565,-0.876075201563137,-0.9025277498250973,0.9636889490226725,0.4956717129922684,-0.04197579366009811,-0.8459738559042461
380,-1.2078709670201186,-0.3816005901011171,-1.1185499379730277,0.8933226037983104,0.14516449558654593,0.41806153119228756,-0.09718054594203612,1.292542791940377,-0.34876046990234777,1.00052883576802,0.21669387059720463
381,0.16384928073478175,1.0582055797387377,-0.15267148954162477,0.3219665020890522,0.4360660310490206,0.5565246382238596,0.25405011511579,-0.3575557217859347,-0.6185921412538257,1.0306877395550378,0.4154830233604706
382,-1.8569141104635185,0.4671855093313254,-1.29335691151207,0.27464476438165136,0.1290698564243556,0.4590197909442255,-0.7781133338998087,1.2231789583675654,-0.408892708493519,0.5428757195100472,-0.08526819029725334
383,-0.9209964760339326,1.3038879130454408,-0.8944905869793373,-1.219375187900928,0.22868138161688661,0.3376294495974508,-0.13351066800047623,0.0853474834431573,0.3333524257249894,0.5394190676765481,0.03557117464854829
384,0.184359505404487,-0.7366794309047074,-0.9052657353606688,-0.16633273109693783,0.6564253545817764,0.311482545811325,-0.5934374801976822,1.0372797531419051,0.1552906371340979,0.6580829493609645,-0.2782831812682707
385,0.07728408050792533,-0.8354559460173004,-1.0350249542351613,0.2936422807353188,0.32599685201293443,1.3136768363225493,-0.3339892321170937,-2.8905533524729765e-05,-0.11697371449550244,0.6206745382532591,-0.21744914539826504
386,-1.7254252397624146,0.9597645178862219,-1.8948608425348439,-0.2472112303443213,0.43287838040425924,0.9067926809254511,-0.5430781111489346,0.11632027303194789,-0.7345197538164908,0.6609546432140321,-0.1751846261617861
387,1.8765740883542241,-0.8063575678968009,-1.1996429313955628,0.21770911662677023,1.5341753401992797,0.21449440331126027,-2.0305581269979323,0.2597635647309258,-1.4011380156837043,0.27530567250198074,0.2896911799407383
388,-2.2425563462532074,2.5140822771353117,0.7114800211571858,1.2820770323660338,-0.5552413093093803,0.8149176191933816,-0.3909782552984913,0.5602755282992963,-0.7958009557918604,0.5934445715910401,0.19002627008577724
389,3.0689015573316616,0.8014418822143624,1.122732355522042,0.09209771017149555,1.7376164325517272,-0.37494725685611185,-1.5243838824548255,0.5067049273198513,-1.393001333296966,0.09137397341123293,-0.9113219709883658
390,1.4629578230433027,-0.8384082486797845,-1.566969876482142,0.41238159234373517,1.57738586129602,0.6625786392065188,-1.9891843600842691,0.24688583442584722,-1.8049065498161516,0.06966643561940358,-0.4463505379319177
391,-1.2940160042408424,1.5981687197543069,-1.4576064546625893,-0.9935184680073766,0.5036559102632742,0.6017531185726073,-0.5598625179375338,-0.09778568636952505,-0.38058676915070505,0.6716797742929814,-0.20066905185150952
392,3.767728980771093,-1.8636480385297682,-1.8478668122251183,0.1427144131256072,2.27581577537367,1.0994620898291996,-1.853430103822261,-1.0910392172392627,-2.1869513485363647,-0.11344633028632836,-0.3871617375272529
393,3.294035160038495,-1.7370297082092587,-1.5431716388713226,0.41475577904508915,2.161116149910763,0.7756624033342736,-2.583844255360461,-0.20998677914236438,-2.270085012966339,-0.3080773785859609,-0.5850111267413912
394,0.6691522385634862,0.8656220670208191,-0.17932641853107645,0.12541274770680774,0.9146866439392837,0.13825735453674654,-1.018996017681435,0.357357071115775,-0.936701039113368,0.5269338006503572,-0.05959785357361561
395,-0.6479233327100977,3.1616640661440965,0.5123878583828573,-0.7805665847458457,0.15909191195663752,0.3860424567143974,-0.02191623608858546,-0.6170574720621638,-0.25026086067443193,0.8731649933405552,-0.00481318374351161
396,1.1334379088803717,1.3430467512911284,-0.676780671273679,-0.8074713371631194,1.2631289076543029,0.5126851511161247,-0.5980917809172333,-0.816356704754324,-1.003144311159318,0.6809455877185308,-0.38828454830262427
397,-0.651410189328094,0.844944021598159,-1.7120109505829186,-0.6031300965369953,0.7761582377405452,0.763446238110375,-0.7693989385989776,-0.18134851335350363,-0.7814272833313823,0.5494041175098808,-0.2090886322333487
398,0.3396259618046702,2.052968151517998,1.588668869298101,0.6568455643011876,0.2850650883420272,-0.8403733905936257,-1.5449999226876554,1.037494310945459,-0.49518539838479403,0.8847600302656382,1.3205655205290139
399,2.565839185758927,-1.4105064015247923,-1.708042686038331,0.21764392525677526,1.6012634981982932,0.9949098485180573,-1.6540584693991134,-0.8068391375246426,-1.6589695778512097,0.2042553775960363,0.21178290224780577
400,-1.8262780284755744,2.7266292578561293,0.08570120227173925,-0.038852201261995525,-0.303193397183639,0.804601998062355,-0.031205802472181042,-0.2703861440820578,-0.35391775421800137,0.8179715779250657,0.13731369971759846
401,-2.2486237068428605,2.4085450618007096,1.0141517516942438,1.4238201329780793,-0.37083257972854683,0.1883908067816004,-0.767537878920756,1.5618519767619607,-0.7847307981982631,0.5271919977313303,-0.05046177554135161
402,-3.3467233235045084,1.9051643588431995,-1.1932308983646507,0.13588869051020083,-0.5858717594267282,1.061690996897175,-0.2113239008311256,0.4001877509198527,-0.24625246108124674,0.692368902023502,0.09451999075417948
403,-0.04197965655364052,3.6130175803488944,1.6546972942508862,-0.29836457760358465,0.34654829146512495,-0.1534565241077673,-0.3266134388831452,-0.07866175259975403,-0.498576937023002,0.9813262395470393,-0.10407119887684738
404,0.41255280717512405,3.405201515008467,1.482856071651117,-0.9646299684949663,0.5941086563286748,-0.3850772232401931,-0.3360407030090015,-0.013088079032327987,-0.22075439750978632,0.7729761133574661,-0.38392981624674344
405,1.1260625148605339,1.5812436734212696,0.08824602337541361,-0.4144827096051421,0.8504207724241971,0.5973693301740826,-0.36418118916905623,-0.8260931285007681,-0.8448958580867744,0.5324726975000863,-0.22352418025448942
406,-0.05657253796431684,3.395925103413118,1.2013433569702834,-0.031115265881081777,0.15396863621139992,0.6219749874810454,0.022766897696390394,-1.0723489800526975,-0.748326212212131,1.0458849874613416,0.21056677996572748
407,-0.11234831718380142,2.298576499463478,0.36507190341359164,-1.802206185163384,0.8915188348001905,-0.7921392911715927,-0.44644378219454917,0.3307608146588479,0.010751650879421606,0.4043180760210199,-0.2051427535520324
408,-1.6027401898186604,2.3340513187080747,-0.5485545784340369,-0.3254594030264333,-0.9093773159429877,0.5553629632832544,0.5477691239744225,0.2631832818997372,-0.6489144346104513,-0.24332592799906483,0.047652150384270855
409,-0.5453982081744508,1.7256281748924949,-0.29210686087771925,0.13832431838010611,-0.7370220019901714,0.8775410766715752,0.44614915391972815,-0.12769407273438982,-0.9945557767163236,-0.25834564218263845,0.005248474769075058
410,-0.2597124980776998,0.8346868845256505,-0.3425817161844745,0.5724379201526196,-0.9373795186611253,0.9720340422001722,0.5446588837719576,-0.01121066961659299,-0.8770566419935073,-0.34815618818314836,0.4177874300850949
411,-1.7163366504266526,1.9518782139569568,-0.45670020115177445,0.006314018945494667,-1.155812005102752,0.7554937463183509,0.5527820966258944,0.3331312298531664,-0.5547449435322074,-0.3687985639191959,0.15790456124878177
412,-1.7078707247216127,1.9594199828574428,0.06184938184632481,0.6673869895151495,-1.3434586744582016,1.2266077793994403,0.6837135681855273,0.08883789507343884,-0.7453574130955665,-0.3718322577449502,0.04195512742829143
413,1.9822924825492685,-0.42199152742826346,-0.8238709324014402,-1.3523987668359263,-0.11250478299469656,0.06377699942701806,0.23716335414786344,0.00956391506322337,0.10409776156473695,-0.5761172681874082,0.5011757256455507
414,1.6807988222066352,-0.07802231148747561,-0.2410806931293074,-1.391188420819606,-0.45075802969984363,-0.11949133923539489,0.3323211184997708,0.08487031055640033,0.6069716431696974,-0.3814264385196186,0.9008035559515829
415,-0.3147802488393133,0.6111409404046804,-1.4173830011149324,-0.48686751495593966,0.019254926385881613,0.3605663430297583,-0.8634180418304256,0.9642191025626264,-1.2164227197519888,-0.9956277164474736,-0.7100090468346761
416,1.6473404336600725,-0.5886907256857007,-1.0052771524860558,-1.1839320267930566,-0.23371672082465736,0.1435164834920617,0.057114678745582924,0.09224343165735988,0.09782731020871221,-0.5144906855175949,0.681355691646677
417,0.7877655416436767,0.04977648836078104,-1.000411083260534,-0.43755187262290285,0.04771361956356471,0.10619182246612562,-0.6948471288262942,0.8740632382189144,-0.9117120745049292,-0.8017299727907342,-0.17163882814107392
418,-4.275747648519471,1.1674601533706468,-1.8832874587841846,1.3261979773428034,-1.7972362566385687,1.825065513837782,0.12544763015355387,0.9611405095489329,-1.28460010232763,-0.818391132358422,-0.23863426280100744
419,0.6387867859284424,0.3290834263051983,-0.9459517746443744,-0.5772454852830529,-0.2872127123347157,0.8065424530893681,-0.08046880058683206,-0.10643808044825757,-0.7851132447517337,-0.8308269726432268,-0.2460363827654959
420,3.04150801339434,-1.1373802036433298,-0.5907412491739628,-0.9595120770867049,0.0064712876233846695,0.13672283887673417,0.17924847377442799,-0.2470382285225328,-0.06553542035238406,-0.5192927241710565,0.7922538524021981
421,3.9602089984926288,-1.379825292741985,0.7351969807954478,-0.21990131041680322,0.026370570578046853,-0.21428219033611556,-0.29247887810283624,0.42285930345453826,-0.06652360364565194,-0.6302097723299079,0.7117967135571949
422,5.442108331734207,-0.947235454180537,0.9240103635176303,-0.11739067768779733,0.8368042506742713,0.0650621597213265,-1.2036299717042287,-0.4684556597847364,-1.4628874229042361,-1.3108325340643405,0.09763514643386931
423,1.4955857120038385,1.2880083160464015,0.8939839189877457,0.3012041244401824,-0.1257595420422663,0.6866474384766028,-0.5206646289327814,0.014173240483470677,-1.601369364419121,-1.410273211023266,-0.8764783344090988
424,2.3545566118238956,2.204113299948937,0.9797354708773306,-0.16944588999002183,0.13433291814940604,0.8407380198794246,-1.1696706732522134e-05,-1.3512903981334556,-1.8085221965135154,-0.7482550485063545,-0.534507735503922
